date,Kejadian,hujan_0,hujan_300,hujan_600,hujan_900,hujan_1200,hujan_1500,hujan_2100,min_hujan,max_hujan,avg_hujan
2020-01-01,Tidak Banjir,1.6,0.0,1.5,0.0,0.2,0.2,2.1,0.0,2.1,0.8
2020-01-02,Tidak Banjir,0.4,0.0,0.0,0.0,0.1,7.8,2.4,0.0,7.8,1.5285714285714287
2020-01-03,Banjir,0.0,0.0,0.0,0.2,0.1,8.1,1.3,0.0,8.1,1.385714285714286
2020-01-04,Tidak Banjir,0.2,1.1,0.0,0.0,0.0,0.7,1.3,0.0,1.3,0.4714285714285714
2020-01-05,Banjir,0.2,0.5,0.0,0.0,1.1,3.0,0.0,0.0,3.0,0.6857142857142857
2020-01-06,Tidak Banjir,2.1,0.0,0.0,0.0,0.0,1.1,1.8,0.0,2.1,0.7142857142857143
2020-01-07,Tidak Banjir,10.0,0.4,0.0,0.0,0.4,2.4,1.9,0.0,10.0,2.1571428571428575
2020-01-08,Banjir,0.0,0.0,0.0,0.0,1.2,1.6,2.2,0.0,2.2,0.7142857142857143
2020-01-09,Tidak Banjir,0.2,0.9,0.2,0.2,0.0,1.4,2.9,0.0,2.9,0.8285714285714285
2020-01-10,Tidak Banjir,0.3,0.9,0.3,0.3,0.3,2.7,0.8,0.3,2.7,0.8
2020-01-11,Tidak Banjir,0.2,1.1,0.7,0.3,0.3,4.3,0.1,0.1,4.3,0.9999999999999999
2020-01-12,Tidak Banjir,0.0,0.0,0.0,0.0,0.2,0.0,0.3,0.0,0.3,0.07142857142857142
2020-01-13,Tidak Banjir,0.3,0.1,0.0,0.0,0.0,17.7,2.2,0.0,17.7,2.8999999999999995
2020-01-14,Tidak Banjir,2.1,0.0,0.0,0.0,0.2,1.6,2.3,0.0,2.3,0.8857142857142858
2020-01-15,Tidak Banjir,0.4,0.0,0.0,0.0,0.0,0.0,2.2,0.0,2.2,0.37142857142857144
2020-01-16,Tidak Banjir,0.2,0.5,0.0,0.1,0.0,1.7,2.1,0.0,2.1,0.6571428571428571
2020-01-17,Tidak Banjir,0.0,0.0,0.0,0.0,0.0,1.5,0.0,0.0,1.5,0.21428571428571427
2020-01-18,Tidak Banjir,1.8,1.3,0.0,0.0,0.0,0.2,0.1,0.0,1.8,0.48571428571428577
2020-01-19,Tidak Banjir,0.0,0.3,1.4,0.0,0.1,4.6,2.6,0.0,4.6,1.2857142857142858
2020-01-20,Tidak Banjir,3.1,1.9,1.5,0.0,0.2,1.6,3.1,0.0,3.1,1.6285714285714286
2020-01-21,Tidak Banjir,4.0,2.7,1.8,0.0,0.2,0.0,2.5,0.0,4.0,1.5999999999999999
2020-01-22,Tidak Banjir,0.0,0.0,0.0,0.0,0.0,0.0,1.9,0.0,1.9,0.2714285714285714
2020-01-23,Tidak Banjir,0.2,0.0,0.0,0.0,0.1,1.1,5.0,0.0,5.0,0.9142857142857144
2020-01-24,Tidak Banjir,0.0,0.0,0.0,0.0,0.0,1.4,4.8,0.0,4.8,0.8857142857142856
2020-01-25,Tidak Banjir,2.8,0.5,0.5,0.6,0.4,2.5,3.2,0.4,3.2,1.5
2020-01-26,Tidak Banjir,1.2,0.0,0.0,0.1,0.1,1.6,2.2,0.0,2.2,0.7428571428571429
2020-01-27,Tidak Banjir,0.0,0.1,0.2,0.0,1.8,4.8,2.1,0.0,4.8,1.2857142857142858
2020-01-28,Tidak Banjir,1.7,0.0,0.4,0.0,1.7,10.6,0.0,0.0,10.6,2.057142857142857
2020-01-29,Tidak Banjir,0.0,0.0,0.0,0.0,0.0,14.2,3.3,0.0,14.2,2.5
2020-01-30,Banjir,4.6,1.7,0.0,0.0,0.1,0.1,0.1,0.0,4.6,0.9428571428571427
2020-01-31,Tidak Banjir,0.0,0.0,0.0,0.0,0.0,0.3,4.0,0.0,4.0,0.6142857142857142
2020-02-01,Tidak Banjir,1.9,0.0,0.0,0.0,0.0,0.0,2.5,0.0,2.5,0.6285714285714287
2020-02-02,Tidak Banjir,0.0,0.0,0.0,0.0,0.0,0.0,0.0,0.0,0.0,0.0
2020-02-03,Tidak Banjir,0.0,0.1,0.0,0.0,0.1,0.3,0.0,0.0,0.3,0.07142857142857142
2020-02-04,Tidak Banjir,0.0,0.0,0.0,0.0,0.0,0.0,0.0,0.0,0.0,0.0
2020-02-05,Tidak Banjir,0.1,0.6,0.0,0.0,0.2,9.0,3.1,0.0,9.0,1.8571428571428572
2020-02-06,Tidak Banjir,2.2,1.5,0.6,0.0,0.0,2.1,3.0,0.0,3.0,1.342857142857143
2020-02-07,Banjir,2.4,0.0,0.0,0.0,3.8,4.8,1.7,0.0,4.8,1.8142857142857143
2020-02-08,Tidak Banjir,0.9,0.5,0.1,0.0,0.0,0.0,0.1,0.0,0.9,0.2285714285714286
2020-02-09,Tidak Banjir,0.0,0.0,0.1,0.3,0.6,16.1,1.4,0.0,16.1,2.642857142857143
2020-02-10,Tidak Banjir,0.0,0.0,0.0,0.1,0.1,0.7,1.5,0.0,1.5,0.34285714285714286
2020-02-11,Tidak Banjir,0.0,0.0,0.0,0.0,0.0,5.6,0.0,0.0,5.6,0.7999999999999999
2020-02-12,Tidak Banjir,0.0,0.0,0.0,0.1,0.3,0.0,0.0,0.0,0.3,0.05714285714285715
2020-02-13,Tidak Banjir,4.7,1.8,0.0,0.0,0.1,1.4,5.4,0.0,5.4,1.9142857142857144
2020-02-14,Tidak Banjir,0.0,0.0,0.0,0.0,0.1,0.5,2.5,0.0,2.5,0.4428571428571429
2020-02-15,Tidak Banjir,1.4,0.4,0.0,0.0,0.1,11.9,4.0,0.0,11.9,2.542857142857143
2020-02-16,Tidak Banjir,0.0,0.0,0.2,0.3,3.8,1.7,2.8,0.0,3.8,1.2571428571428573
2020-02-17,Banjir,0.6,0.5,1.3,0.5,1.8,0.2,0.2,0.2,1.8,0.7285714285714286
2020-02-18,Tidak Banjir,0.0,0.0,0.1,1.4,0.6,10.6,2.4,0.0,10.6,2.157142857142857
2020-02-19,Tidak Banjir,0.0,0.3,0.7,0.0,0.0,1.6,2.9,0.0,2.9,0.7857142857142857
2020-02-20,Tidak Banjir,0.0,0.0,0.0,0.0,0.0,0.0,0.0,0.0,0.0,0.0
2020-02-21,Tidak Banjir,0.0,0.0,0.0,0.0,0.0,0.0,0.0,0.0,0.0,0.0
2020-02-22,Tidak Banjir,0.0,0.0,0.0,0.0,0.0,0.0,0.0,0.0,0.0,0.0
2020-02-23,Tidak Banjir,0.0,0.0,0.0,0.0,0.0,0.0,0.0,0.0,0.0,0.0
2020-02-24,Tidak Banjir,0.0,0.0,0.0,0.0,0.0,0.0,0.0,0.0,0.0,0.0
2020-02-25,Tidak Banjir,0.0,0.0,0.0,0.0,0.2,0.1,2.3,0.0,2.3,0.3714285714285714
2020-02-26,Tidak Banjir,2.1,0.0,0.0,0.0,0.0,0.0,0.0,0.0,2.1,0.3
2020-02-27,Tidak Banjir,2.4,1.1,0.0,0.0,0.0,0.0,1.2,0.0,2.4,0.6714285714285715
2020-02-28,Tidak Banjir,1.6,0.0,0.0,0.0,0.2,7.7,1.4,0.0,7.7,1.5571428571428572
2020-02-29,Tidak Banjir,0.2,0.0,0.0,0.0,0.0,1.5,2.7,0.0,2.7,0.6285714285714287
2020-03-01,Banjir,1.7,0.0,0.0,0.0,0.2,7.7,4.0,0.0,7.7,1.9428571428571428
2020-03-02,Tidak Banjir,3.0,1.0,0.0,0.0,0.0,0.0,0.0,0.0,3.0,0.5714285714285714
2020-03-03,Tidak Banjir,0.0,0.0,1.0,0.3,0.2,0.1,0.0,0.0,1.0,0.2285714285714286
2020-03-04,Tidak Banjir,0.0,0.2,0.3,0.4,0.2,1.7,2.6,0.0,2.6,0.7714285714285715
2020-03-05,Banjir,2.0,1.2,0.3,0.6,0.0,0.0,0.0,0.0,2.0,0.5857142857142856
2020-03-06,Tidak Banjir,0.0,0.0,0.0,0.0,0.0,0.0,0.0,0.0,0.0,0.0
2020-03-07,Tidak Banjir,0.1,0.6,0.0,0.0,0.0,0.0,1.1,0.0,1.1,0.2571428571428572
2020-03-08,Banjir,0.0,0.0,0.0,0.0,0.3,2.2,1.4,0.0,2.2,0.5571428571428572
2020-03-09,Tidak Banjir,0.1,0.2,0.0,0.2,0.3,0.0,0.0,0.0,0.3,0.1142857142857143
2020-03-10,Banjir,0.0,0.0,0.0,0.0,0.0,0.3,0.0,0.0,0.3,0.04285714285714286
2020-03-11,Tidak Banjir,0.0,0.0,0.0,0.0,0.0,0.3,0.5,0.0,0.5,0.1142857142857143
2020-03-12,Tidak Banjir,0.8,0.3,0.9,0.0,0.0,7.8,2.2,0.0,7.8,1.7142857142857142
2020-03-13,Banjir,0.0,0.2,0.0,0.0,0.2,1.3,1.9,0.0,1.9,0.5142857142857143
2020-03-14,Tidak Banjir,0.0,0.0,0.0,0.1,1.6,1.1,2.2,0.0,2.2,0.7142857142857143
2020-03-15,Tidak Banjir,1.6,0.0,0.0,0.0,0.2,2.6,0.0,0.0,2.6,0.6285714285714287
2020-03-16,Tidak Banjir,0.6,0.0,0.0,0.0,2.5,0.1,1.6,0.0,2.5,0.6857142857142858
2020-03-17,Tidak Banjir,0.3,0.0,0.0,0.2,0.2,1.4,2.0,0.0,2.0,0.5857142857142856
2020-03-18,Tidak Banjir,2.0,0.0,0.0,0.0,0.0,0.4,3.0,0.0,3.0,0.7714285714285715
2020-03-19,Tidak Banjir,1.2,2.5,0.7,1.2,1.0,3.3,3.2,0.7,3.3,1.8714285714285717
2020-03-20,Tidak Banjir,2.1,1.3,0.1,0.3,2.5,17.6,2.7,0.1,17.6,3.8000000000000003
2020-03-21,Tidak Banjir,1.9,0.0,0.0,0.2,0.0,0.2,0.3,0.0,1.9,0.37142857142857144
2020-03-22,Banjir,3.0,0.6,0.1,0.5,1.5,0.4,0.4,0.1,3.0,0.9285714285714287
2020-03-23,Tidak Banjir,1.1,3.5,0.2,0.2,0.2,1.2,0.4,0.2,3.5,0.9714285714285715
2020-03-24,Tidak Banjir,0.0,0.2,0.0,0.0,0.1,3.2,0.9,0.0,3.2,0.6285714285714287
2020-03-25,Tidak Banjir,3.4,2.0,0.5,0.0,0.1,0.1,0.0,0.0,3.4,0.8714285714285713
2020-03-26,Tidak Banjir,0.3,0.0,0.0,0.0,0.0,1.6,0.0,0.0,1.6,0.27142857142857146
2020-03-27,Tidak Banjir,3.5,1.7,0.9,0.5,1.7,4.8,1.7,0.5,4.8,2.1142857142857143
2020-03-28,Tidak Banjir,0.0,0.6,0.0,0.2,0.4,7.8,2.6,0.0,7.8,1.657142857142857
2020-03-29,Banjir,0.0,0.0,0.0,0.3,1.4,5.1,1.1,0.0,5.1,1.1285714285714286
2020-03-30,Tidak Banjir,0.0,0.0,0.0,0.0,0.4,0.5,1.5,0.0,1.5,0.34285714285714286
2020-03-31,Tidak Banjir,0.4,3.1,0.9,0.4,0.1,0.1,1.7,0.1,3.1,0.9571428571428572
2020-04-01,Tidak Banjir,1.4,0.3,0.6,0.7,0.4,0.0,0.0,0.0,1.4,0.4857142857142857
2020-04-02,Tidak Banjir,0.0,0.0,0.0,0.2,9.7,0.0,0.3,0.0,9.7,1.457142857142857
2020-04-03,Banjir,0.0,0.4,0.0,0.0,2.0,6.5,2.7,0.0,6.5,1.6571428571428573
2020-04-04,Banjir,1.1,3.6,0.0,0.0,0.2,8.4,1.3,0.0,8.4,2.085714285714286
2020-04-05,Banjir,0.3,0.0,0.0,0.1,0.4,1.3,1.6,0.0,1.6,0.5285714285714286
2020-04-06,Tidak Banjir,1.5,0.4,0.0,0.3,0.4,7.8,1.7,0.0,7.8,1.7285714285714282
2020-04-07,Tidak Banjir,0.3,4.0,1.3,0.6,0.5,0.1,0.0,0.0,4.0,0.9714285714285713
2020-04-08,Tidak Banjir,0.0,0.0,0.0,0.0,0.0,0.0,1.5,0.0,1.5,0.21428571428571427
2020-04-09,Banjir,0.0,0.0,0.2,0.1,7.3,1.0,2.1,0.0,7.3,1.5285714285714285
2020-04-10,Tidak Banjir,0.0,0.0,0.0,0.0,0.1,1.3,0.0,0.0,1.3,0.2
2020-04-11,Tidak Banjir,0.0,0.0,0.2,0.0,0.0,0.2,0.0,0.0,0.2,0.05714285714285715
2020-04-12,Tidak Banjir,0.0,0.0,0.0,0.0,0.0,0.0,0.0,0.0,0.0,0.0
2020-04-13,Tidak Banjir,0.0,0.0,0.0,0.0,0.0,0.2,0.2,0.0,0.2,0.05714285714285715
2020-04-14,Tidak Banjir,0.0,0.0,0.3,0.2,0.3,3.4,0.1,0.0,3.4,0.6142857142857142
2020-04-15,Tidak Banjir,2.0,0.7,0.2,0.0,3.2,0.0,0.6,0.0,3.2,0.9571428571428572
2020-04-16,Tidak Banjir,1.9,0.0,0.0,0.0,0.2,7.7,1.7,0.0,7.7,1.6428571428571428
2020-04-17,Tidak Banjir,0.0,0.0,0.0,0.0,0.0,1.4,2.3,0.0,2.3,0.5285714285714286
2020-04-18,Tidak Banjir,0.0,0.0,0.0,0.0,0.0,3.8,2.7,0.0,3.8,0.9285714285714286
2020-04-19,Tidak Banjir,2.5,0.1,0.0,0.0,0.3,0.0,0.0,0.0,2.5,0.41428571428571426
2020-04-20,Tidak Banjir,0.0,0.0,0.0,0.0,0.1,0.2,0.0,0.0,0.2,0.042857142857142864
2020-04-21,Tidak Banjir,0.0,0.0,0.0,0.2,0.0,1.4,0.0,0.0,1.4,0.22857142857142856
2020-04-22,Tidak Banjir,0.0,0.0,0.0,0.2,0.0,0.1,1.6,0.0,1.6,0.27142857142857146
2020-04-23,Tidak Banjir,0.3,0.0,0.0,0.0,0.2,0.5,0.0,0.0,0.5,0.14285714285714285
2020-04-24,Tidak Banjir,0.0,0.2,0.3,0.3,0.0,0.2,0.1,0.0,0.3,0.15714285714285717
2020-04-25,Tidak Banjir,0.0,0.0,0.0,0.1,0.2,5.0,0.0,0.0,5.0,0.7571428571428571
2020-04-26,Tidak Banjir,0.0,0.0,0.0,0.0,0.0,0.0,0.4,0.0,0.4,0.05714285714285715
2020-04-27,Tidak Banjir,0.0,1.7,3.5,2.3,0.6,4.1,0.3,0.0,4.1,1.7857142857142858
2020-04-28,Banjir,0.0,0.2,0.6,1.5,3.1,1.9,1.1,0.0,3.1,1.2
2020-04-29,Tidak Banjir,0.6,0.6,0.1,0.0,0.0,0.0,0.4,0.0,0.6,0.24285714285714288
2020-04-30,Tidak Banjir,0.0,0.2,0.0,0.2,0.3,1.2,1.3,0.0,1.3,0.4571428571428572
2020-05-01,Tidak Banjir,0.0,0.5,0.0,0.7,4.2,0.2,2.3,0.0,4.2,1.1285714285714286
2020-05-02,Tidak Banjir,0.8,4.2,3.4,3.6,5.7,1.8,0.8,0.8,5.7,2.9
2020-05-03,Tidak Banjir,0.0,0.0,0.2,2.3,0.5,3.4,2.0,0.0,3.4,1.2
2020-05-04,Tidak Banjir,1.1,2.2,0.7,0.3,0.2,2.2,1.5,0.2,2.2,1.1714285714285713
2020-05-05,Tidak Banjir,0.0,0.0,0.0,0.0,0.1,1.1,0.0,0.0,1.1,0.17142857142857146
2020-05-06,Tidak Banjir,0.0,0.0,0.0,0.0,0.0,0.3,0.0,0.0,0.3,0.04285714285714286
2020-05-07,Tidak Banjir,0.2,0.0,0.0,0.0,0.1,0.3,0.0,0.0,0.3,0.08571428571428573
2020-05-08,Tidak Banjir,0.0,0.0,0.0,0.0,3.8,0.2,0.0,0.0,3.8,0.5714285714285714
2020-05-09,Banjir,0.0,0.3,0.2,4.0,3.5,0.4,0.2,0.0,4.0,1.2285714285714284
2020-05-10,Tidak Banjir,0.0,0.0,0.0,0.1,0.2,1.5,1.5,0.0,1.5,0.4714285714285714
2020-05-11,Tidak Banjir,0.0,0.0,0.0,0.0,0.1,0.2,1.7,0.0,1.7,0.2857142857142857
2020-05-12,Tidak Banjir,0.0,0.0,0.0,0.0,0.2,0.0,0.0,0.0,0.2,0.028571428571428574
2020-05-13,Tidak Banjir,0.3,0.1,0.0,0.0,4.5,0.3,0.0,0.0,4.5,0.7428571428571429
2020-05-14,Tidak Banjir,0.3,0.4,0.0,0.0,0.0,0.1,0.0,0.0,0.4,0.11428571428571428
2020-05-15,Tidak Banjir,0.0,0.0,0.0,0.3,0.4,0.0,0.0,0.0,0.4,0.09999999999999999
2020-05-16,Tidak Banjir,0.0,0.0,0.0,0.2,0.2,0.0,0.0,0.0,0.2,0.05714285714285715
2020-05-17,Tidak Banjir,0.0,0.0,0.0,0.1,0.1,0.0,1.4,0.0,1.4,0.22857142857142856
2020-05-18,Tidak Banjir,0.0,2.1,1.6,0.8,0.4,8.0,2.0,0.0,8.0,2.1285714285714286
2020-05-19,Tidak Banjir,1.4,0.2,0.0,0.0,0.0,0.0,0.0,0.0,1.4,0.22857142857142856
2020-05-20,Tidak Banjir,0.0,0.0,0.0,0.2,0.6,1.8,4.4,0.0,4.4,1.0
2020-05-21,Tidak Banjir,1.3,0.0,0.0,0.1,0.0,0.0,0.0,0.0,1.3,0.2
2020-05-22,Tidak Banjir,0.0,0.0,0.1,0.2,0.0,1.0,3.7,0.0,3.7,0.7142857142857143
2020-05-23,Tidak Banjir,0.0,0.0,0.0,0.0,0.0,0.0,0.0,0.0,0.0,0.0
2020-05-24,Tidak Banjir,0.0,0.0,0.0,0.0,0.0,3.3,0.0,0.0,3.3,0.4714285714285714
2020-05-25,Banjir,0.0,0.0,0.0,0.0,0.0,3.4,1.2,0.0,3.4,0.6571428571428571
2020-05-26,Tidak Banjir,0.0,0.0,0.0,0.2,0.0,0.1,1.6,0.0,1.6,0.27142857142857146
2020-05-27,Tidak Banjir,0.0,0.0,0.5,1.4,0.2,3.4,0.6,0.0,3.4,0.8714285714285713
2020-05-28,Tidak Banjir,0.2,0.1,0.0,0.0,0.1,0.1,0.0,0.0,0.2,0.07142857142857142
2020-05-29,Tidak Banjir,0.0,0.0,0.0,0.0,0.0,0.0,0.3,0.0,0.3,0.04285714285714286
2020-05-30,Tidak Banjir,0.0,0.0,0.1,0.0,2.2,2.0,2.0,0.0,2.2,0.9000000000000001
2020-05-31,Tidak Banjir,0.0,0.0,0.0,0.2,1.8,0.6,3.9,0.0,3.9,0.9285714285714286
2020-06-01,Tidak Banjir,0.2,0.0,0.2,0.3,0.4,0.3,2.2,0.0,2.2,0.5142857142857143
2020-06-02,Tidak Banjir,0.0,0.0,0.0,1.0,2.1,0.5,0.0,0.0,2.1,0.5142857142857143
2020-06-03,Banjir,0.0,0.0,0.0,0.3,0.0,1.4,1.3,0.0,1.4,0.42857142857142855
2020-06-04,Tidak Banjir,0.1,0.2,0.0,0.3,0.2,0.1,0.0,0.0,0.3,0.1285714285714286
2020-06-05,Tidak Banjir,0.0,0.0,0.0,0.0,0.0,0.3,0.2,0.0,0.3,0.07142857142857142
2020-06-06,Tidak Banjir,0.0,0.0,0.0,0.0,0.4,0.2,0.0,0.0,0.4,0.08571428571428573
2020-06-07,Tidak Banjir,0.0,0.0,0.0,0.0,1.7,1.9,2.2,0.0,2.2,0.8285714285714285
2020-06-08,Tidak Banjir,0.0,0.0,0.0,0.0,0.0,0.6,1.5,0.0,1.5,0.3
2020-06-09,Tidak Banjir,0.0,1.0,0.4,0.0,0.0,1.3,0.0,0.0,1.3,0.38571428571428573
2020-06-10,Tidak Banjir,0.0,0.0,0.0,0.3,0.0,0.1,0.0,0.0,0.3,0.05714285714285715
2020-06-11,Tidak Banjir,0.1,0.0,0.0,0.0,1.1,1.2,1.4,0.0,1.4,0.5428571428571429
2020-06-12,Tidak Banjir,0.0,0.3,0.0,0.0,0.0,0.0,1.2,0.0,1.2,0.21428571428571427
2020-06-13,Tidak Banjir,0.0,0.0,0.0,0.0,0.0,0.0,1.4,0.0,1.4,0.19999999999999998
2020-06-14,Tidak Banjir,0.0,0.0,0.0,0.0,0.0,0.0,0.0,0.0,0.0,0.0
2020-06-15,Tidak Banjir,0.0,0.0,0.0,0.1,0.0,0.2,0.0,0.0,0.2,0.042857142857142864
2020-06-16,Tidak Banjir,0.0,0.4,0.0,0.1,0.6,0.0,0.0,0.0,0.6,0.15714285714285717
2020-06-17,Tidak Banjir,0.0,0.0,0.0,0.0,0.0,0.2,0.0,0.0,0.2,0.028571428571428574
2020-06-18,Tidak Banjir,0.0,0.0,0.0,0.0,0.2,0.8,0.4,0.0,0.8,0.19999999999999998
2020-06-19,Tidak Banjir,0.9,0.1,0.4,0.0,0.0,0.7,2.0,0.0,2.0,0.5857142857142856
2020-06-20,Tidak Banjir,0.0,0.0,0.0,0.3,0.0,0.3,0.0,0.0,0.3,0.08571428571428572
2020-06-21,Tidak Banjir,0.0,0.0,0.0,0.0,0.2,0.1,0.0,0.0,0.2,0.042857142857142864
2020-06-22,Tidak Banjir,0.6,0.8,0.2,1.2,2.1,0.5,0.9,0.2,2.1,0.9000000000000001
2020-06-23,Tidak Banjir,0.9,1.8,0.2,0.4,0.6,0.2,0.4,0.2,1.8,0.642857142857143
2020-06-24,Tidak Banjir,0.0,0.0,0.0,0.0,0.3,0.0,0.0,0.0,0.3,0.04285714285714286
2020-06-25,Tidak Banjir,0.0,0.0,0.0,0.0,0.0,0.0,0.0,0.0,0.0,0.0
2020-06-26,Tidak Banjir,0.0,0.0,0.0,0.0,0.0,0.0,0.0,0.0,0.0,0.0
2020-06-27,Tidak Banjir,0.2,0.0,0.0,0.4,0.0,0.7,0.0,0.0,0.7,0.18571428571428572
2020-06-28,Tidak Banjir,0.0,0.0,0.0,0.0,0.0,0.0,0.0,0.0,0.0,0.0
2020-06-29,Tidak Banjir,0.0,0.0,0.0,0.0,0.2,0.0,0.0,0.0,0.2,0.028571428571428574
2020-06-30,Tidak Banjir,0.0,0.0,0.0,0.0,0.0,0.0,0.0,0.0,0.0,0.0
2020-07-01,Tidak Banjir,0.0,0.0,0.0,0.0,0.0,0.1,1.8,0.0,1.8,0.27142857142857146
2020-07-02,Tidak Banjir,0.0,0.4,0.4,0.5,2.6,1.6,0.9,0.0,2.6,0.9142857142857144
2020-07-03,Tidak Banjir,0.0,0.0,0.0,0.0,0.0,0.0,0.0,0.0,0.0,0.0
2020-07-04,Tidak Banjir,0.0,0.0,0.0,0.0,1.9,1.4,0.0,0.0,1.9,0.4714285714285714
2020-07-05,Tidak Banjir,0.0,0.3,0.0,0.1,0.0,0.0,0.0,0.0,0.3,0.05714285714285715
2020-07-06,Tidak Banjir,0.0,0.0,0.0,0.0,0.1,0.1,0.0,0.0,0.1,0.028571428571428574
2020-07-07,Tidak Banjir,0.9,0.0,0.0,0.2,0.0,0.0,0.0,0.0,0.9,0.15714285714285717
2020-07-08,Tidak Banjir,0.0,0.0,0.0,0.0,0.0,3.1,1.1,0.0,3.1,0.6
2020-07-09,Tidak Banjir,0.0,0.0,0.0,0.0,0.1,0.0,0.0,0.0,0.1,0.014285714285714287
2020-07-10,Tidak Banjir,0.0,0.0,0.0,0.0,0.0,0.0,0.0,0.0,0.0,0.0
2020-07-11,Tidak Banjir,0.0,0.0,0.0,0.0,0.1,0.0,0.0,0.0,0.1,0.014285714285714287
2020-07-12,Tidak Banjir,0.0,0.0,0.0,0.1,0.0,0.0,0.0,0.0,0.1,0.014285714285714287
2020-07-13,Tidak Banjir,0.0,0.0,0.0,0.2,0.0,0.8,0.0,0.0,0.8,0.14285714285714285
2020-07-14,Tidak Banjir,0.0,0.0,0.0,0.0,0.0,0.3,0.0,0.0,0.3,0.04285714285714286
2020-07-15,Tidak Banjir,0.0,0.1,0.0,0.3,0.0,0.0,0.0,0.0,0.3,0.05714285714285715
2020-07-16,Tidak Banjir,0.0,0.0,2.0,0.0,0.3,0.1,0.0,0.0,2.0,0.34285714285714286
2020-07-17,Tidak Banjir,0.0,0.1,0.0,0.0,1.4,1.7,2.6,0.0,2.6,0.8285714285714286
2020-07-18,Tidak Banjir,0.0,0.0,0.0,0.0,0.0,0.1,0.0,0.0,0.1,0.014285714285714287
2020-07-19,Tidak Banjir,0.0,0.0,0.0,0.2,0.2,0.1,1.3,0.0,1.3,0.2571428571428572
2020-07-20,Tidak Banjir,0.0,0.0,0.0,0.0,0.1,0.2,1.8,0.0,1.8,0.3
2020-07-21,Tidak Banjir,0.0,0.1,0.0,0.2,1.2,1.3,0.3,0.0,1.3,0.4428571428571428
2020-07-22,Tidak Banjir,0.0,0.0,0.0,0.1,1.4,2.9,2.3,0.0,2.9,0.9571428571428572
2020-07-23,Tidak Banjir,0.0,0.0,0.0,0.0,0.0,0.4,0.1,0.0,0.4,0.07142857142857142
2020-07-24,Tidak Banjir,0.0,0.0,0.0,0.0,0.2,0.3,0.4,0.0,0.4,0.1285714285714286
2020-07-25,Tidak Banjir,0.0,0.0,0.0,0.2,0.0,0.4,0.2,0.0,0.4,0.1142857142857143
2020-07-26,Tidak Banjir,0.0,0.0,0.0,0.0,0.0,0.0,0.0,0.0,0.0,0.0
2020-07-27,Tidak Banjir,0.0,0.0,0.0,0.0,0.0,0.0,0.0,0.0,0.0,0.0
2020-07-28,Tidak Banjir,0.0,0.0,0.0,0.0,0.0,0.0,0.0,0.0,0.0,0.0
2020-07-29,Tidak Banjir,0.0,0.0,0.0,0.0,0.0,0.0,0.0,0.0,0.0,0.0
2020-07-30,Tidak Banjir,0.0,0.0,0.0,0.0,0.0,0.2,0.0,0.0,0.2,0.028571428571428574
2020-07-31,Tidak Banjir,0.0,0.0,0.0,0.0,0.1,0.0,0.0,0.0,0.1,0.014285714285714287
2020-08-01,Tidak Banjir,0.0,0.0,0.0,0.0,0.0,0.0,0.0,0.0,0.0,0.0
2020-08-02,Tidak Banjir,0.0,0.0,0.0,0.0,0.0,0.0,0.0,0.0,0.0,0.0
2020-08-03,Tidak Banjir,0.0,0.0,0.0,0.0,0.0,0.0,0.0,0.0,0.0,0.0
2020-08-04,Tidak Banjir,0.0,0.0,0.2,0.0,0.4,1.7,2.2,0.0,2.2,0.6428571428571429
2020-08-05,Tidak Banjir,0.0,0.0,0.1,0.0,1.6,1.2,0.0,0.0,1.6,0.4142857142857143
2020-08-06,Tidak Banjir,0.0,0.0,0.0,0.1,0.2,0.3,0.0,0.0,0.3,0.08571428571428573
2020-08-07,Tidak Banjir,0.0,0.0,0.0,0.0,0.2,0.5,0.0,0.0,0.5,0.09999999999999999
2020-08-08,Tidak Banjir,0.0,0.0,0.0,0.0,0.0,0.1,0.0,0.0,0.1,0.014285714285714287
2020-08-09,Tidak Banjir,0.0,0.0,0.0,0.0,0.2,0.0,0.0,0.0,0.2,0.028571428571428574
2020-08-10,Tidak Banjir,0.0,0.0,0.0,0.2,0.0,0.1,0.0,0.0,0.2,0.042857142857142864
2020-08-11,Tidak Banjir,0.0,0.1,0.0,0.0,0.0,0.0,0.1,0.0,0.1,0.028571428571428574
2020-08-12,Tidak Banjir,0.0,0.0,0.0,0.0,0.0,1.2,0.0,0.0,1.2,0.17142857142857143
2020-08-13,Tidak Banjir,1.0,0.1,0.0,0.1,0.2,1.1,0.7,0.0,1.1,0.4571428571428572
2020-08-14,Tidak Banjir,0.0,0.0,0.0,0.0,0.2,0.0,0.0,0.0,0.2,0.028571428571428574
2020-08-15,Tidak Banjir,0.0,0.0,0.0,0.0,0.3,0.1,0.0,0.0,0.3,0.05714285714285715
2020-08-16,Tidak Banjir,0.0,0.0,0.0,0.0,5.1,0.0,1.3,0.0,5.1,0.9142857142857143
2020-08-17,Tidak Banjir,1.2,1.1,0.0,0.2,0.0,0.0,0.0,0.0,1.2,0.35714285714285715
2020-08-18,Tidak Banjir,0.0,0.0,0.0,0.0,0.1,1.8,2.0,0.0,2.0,0.5571428571428572
2020-08-19,Tidak Banjir,0.0,0.0,0.0,0.1,0.0,0.0,0.0,0.0,0.1,0.014285714285714287
2020-08-20,Tidak Banjir,0.0,0.0,0.0,0.0,0.0,0.2,0.0,0.0,0.2,0.028571428571428574
2020-08-21,Tidak Banjir,0.0,0.0,0.1,0.0,0.0,0.0,0.0,0.0,0.1,0.014285714285714287
2020-08-22,Tidak Banjir,0.0,0.0,0.0,0.0,0.0,0.0,0.0,0.0,0.0,0.0
2020-08-23,Tidak Banjir,0.0,0.0,0.0,0.0,0.2,0.2,0.0,0.0,0.2,0.05714285714285715
2020-08-24,Tidak Banjir,0.0,0.0,0.0,0.0,0.0,1.0,1.5,0.0,1.5,0.35714285714285715
2020-08-25,Tidak Banjir,0.0,0.0,0.0,0.0,0.0,0.0,0.0,0.0,0.0,0.0
2020-08-26,Tidak Banjir,0.0,0.0,0.0,0.0,0.0,0.0,0.0,0.0,0.0,0.0
2020-08-27,Tidak Banjir,0.0,0.0,0.0,0.0,0.0,0.0,0.0,0.0,0.0,0.0
2020-08-28,Tidak Banjir,0.0,0.0,0.0,0.2,0.3,0.0,0.0,0.0,0.3,0.07142857142857142
2020-08-29,Tidak Banjir,0.0,0.0,0.0,0.0,0.3,0.0,0.0,0.0,0.3,0.04285714285714286
2020-08-30,Tidak Banjir,0.0,0.0,0.0,0.2,0.3,0.2,0.0,0.0,0.3,0.09999999999999999
2020-08-31,Tidak Banjir,0.0,0.0,0.0,0.0,0.0,0.0,0.0,0.0,0.0,0.0
2020-09-01,Tidak Banjir,0.0,0.0,0.0,0.1,0.0,0.0,0.0,0.0,0.1,0.014285714285714287
2020-09-02,Tidak Banjir,0.0,0.0,0.0,0.1,0.2,0.4,1.7,0.0,1.7,0.34285714285714286
2020-09-03,Tidak Banjir,0.0,0.0,0.1,0.0,3.1,3.5,0.3,0.0,3.5,1.0
2020-09-04,Tidak Banjir,0.5,0.2,0.0,0.0,5.3,0.1,1.0,0.0,5.3,1.0142857142857142
2020-09-05,Tidak Banjir,0.0,0.0,0.0,0.2,0.0,0.5,0.0,0.0,0.5,0.09999999999999999
2020-09-06,Tidak Banjir,0.0,0.0,0.0,0.0,0.0,0.0,0.0,0.0,0.0,0.0
2020-09-07,Tidak Banjir,0.0,0.0,0.0,0.0,0.0,0.0,0.0,0.0,0.0,0.0
2020-09-08,Tidak Banjir,0.0,0.0,0.0,0.2,0.2,0.0,0.0,0.0,0.2,0.05714285714285715
2020-09-09,Tidak Banjir,0.0,0.0,0.0,0.0,0.1,0.0,0.0,0.0,0.1,0.014285714285714287
2020-09-10,Tidak Banjir,0.0,0.0,0.1,0.1,0.4,0.2,1.0,0.0,1.0,0.2571428571428572
2020-09-11,Tidak Banjir,0.0,0.0,0.0,0.0,0.0,0.0,0.8,0.0,0.8,0.1142857142857143
2020-09-12,Tidak Banjir,0.0,0.0,0.0,0.0,0.2,0.0,0.0,0.0,0.2,0.028571428571428574
2020-09-13,Tidak Banjir,0.0,0.0,0.0,0.0,0.3,0.0,0.0,0.0,0.3,0.04285714285714286
2020-09-14,Tidak Banjir,0.0,0.0,0.0,0.0,0.2,0.5,0.2,0.0,0.5,0.12857142857142856
2020-09-15,Tidak Banjir,0.0,0.0,0.0,0.0,0.2,0.1,0.0,0.0,0.2,0.042857142857142864
2020-09-16,Tidak Banjir,0.0,0.0,0.0,0.0,0.0,0.0,0.0,0.0,0.0,0.0
2020-09-17,Tidak Banjir,0.0,0.0,0.0,0.1,0.2,0.0,0.2,0.0,0.2,0.07142857142857142
2020-09-18,Tidak Banjir,0.0,0.0,0.0,0.0,0.1,0.0,0.0,0.0,0.1,0.014285714285714287
2020-09-19,Tidak Banjir,0.0,0.0,0.0,0.3,0.2,0.0,0.0,0.0,0.3,0.07142857142857142
2020-09-20,Tidak Banjir,0.0,0.4,1.1,0.1,0.8,0.5,0.0,0.0,1.1,0.4142857142857143
2020-09-21,Tidak Banjir,0.0,0.1,0.0,0.1,0.6,1.5,2.0,0.0,2.0,0.6142857142857142
2020-09-22,Tidak Banjir,0.0,0.0,0.0,0.0,0.2,0.1,0.0,0.0,0.2,0.042857142857142864
2020-09-23,Tidak Banjir,0.0,0.0,0.0,0.0,0.0,0.1,0.0,0.0,0.1,0.014285714285714287
2020-09-24,Tidak Banjir,0.0,0.0,0.0,0.0,0.0,0.2,0.1,0.0,0.2,0.042857142857142864
2020-09-25,Tidak Banjir,0.0,0.0,0.0,0.1,0.2,0.0,0.0,0.0,0.2,0.042857142857142864
2020-09-26,Tidak Banjir,0.0,0.0,0.0,0.0,0.2,0.1,1.2,0.0,1.2,0.21428571428571427
2020-09-27,Tidak Banjir,1.0,0.0,0.1,0.0,0.0,0.0,0.3,0.0,1.0,0.2
2020-09-28,Tidak Banjir,0.0,0.0,0.0,0.0,0.0,0.0,0.0,0.0,0.0,0.0
2020-09-29,Tidak Banjir,0.0,0.0,0.0,0.3,0.0,0.0,0.0,0.0,0.3,0.04285714285714286
2020-09-30,Tidak Banjir,0.0,0.0,0.0,0.0,0.1,0.0,0.0,0.0,0.1,0.014285714285714287
2020-10-01,Tidak Banjir,0.0,0.0,0.2,0.1,0.0,0.1,1.1,0.0,1.1,0.21428571428571427
2020-10-02,Tidak Banjir,0.0,0.0,0.0,0.0,1.3,2.1,2.4,0.0,2.4,0.8285714285714286
2020-10-03,Tidak Banjir,0.0,0.0,0.0,0.0,0.0,0.7,0.6,0.0,0.7,0.1857142857142857
2020-10-04,Tidak Banjir,0.0,0.0,0.0,0.0,0.0,0.3,0.0,0.0,0.3,0.04285714285714286
2020-10-05,Tidak Banjir,0.0,0.0,0.0,0.0,0.1,0.0,0.0,0.0,0.1,0.014285714285714287
2020-10-06,Tidak Banjir,0.0,0.0,0.0,0.0,0.2,0.3,0.0,0.0,0.3,0.07142857142857142
2020-10-07,Tidak Banjir,0.0,0.0,0.0,0.2,0.3,2.5,0.0,0.0,2.5,0.42857142857142855
2020-10-08,Tidak Banjir,0.0,0.3,0.4,0.1,1.8,1.6,1.7,0.0,1.8,0.8428571428571429
2020-10-09,Tidak Banjir,0.1,0.0,0.0,0.0,0.1,1.2,3.0,0.0,3.0,0.6285714285714287
2020-10-10,Tidak Banjir,1.2,0.2,1.5,0.2,1.2,0.2,1.5,0.2,1.5,0.8571428571428571
2020-10-11,Tidak Banjir,0.1,0.0,1.7,2.2,4.1,1.3,0.5,0.0,4.1,1.4142857142857144
2020-10-12,Tidak Banjir,0.0,0.0,0.0,0.0,0.3,0.0,1.4,0.0,1.4,0.24285714285714285
2020-10-13,Tidak Banjir,0.0,0.0,0.0,0.0,0.0,0.1,0.0,0.0,0.1,0.014285714285714287
2020-10-14,Tidak Banjir,0.0,0.0,0.0,0.0,0.0,0.1,1.0,0.0,1.0,0.15714285714285717
2020-10-15,Tidak Banjir,0.0,0.0,0.0,0.0,0.3,0.1,0.0,0.0,0.3,0.05714285714285715
2020-10-16,Tidak Banjir,0.0,0.0,0.0,0.0,0.0,0.0,0.0,0.0,0.0,0.0
2020-10-17,Tidak Banjir,0.0,0.0,0.0,0.0,0.2,0.2,0.0,0.0,0.2,0.05714285714285715
2020-10-18,Tidak Banjir,0.0,0.0,0.0,0.1,0.0,1.7,0.7,0.0,1.7,0.35714285714285715
2020-10-19,Banjir,0.0,0.0,1.1,0.2,0.1,1.5,1.1,0.0,1.5,0.5714285714285714
2020-10-20,Tidak Banjir,0.2,0.0,0.9,0.7,0.3,0.3,0.5,0.0,0.9,0.41428571428571426
2020-10-21,Tidak Banjir,0.5,0.0,0.0,0.3,0.2,0.1,0.0,0.0,0.5,0.15714285714285717
2020-10-22,Tidak Banjir,0.1,0.0,0.0,0.1,3.8,1.3,1.6,0.0,3.8,0.9857142857142858
2020-10-23,Tidak Banjir,0.0,0.1,0.3,0.0,0.0,0.0,0.0,0.0,0.3,0.05714285714285715
2020-10-24,Tidak Banjir,0.0,0.0,0.0,0.0,1.0,0.0,0.0,0.0,1.0,0.14285714285714285
2020-10-25,Tidak Banjir,0.0,0.0,0.0,0.0,0.6,1.3,0.0,0.0,1.3,0.2714285714285714
2020-10-26,Banjir,0.0,0.1,0.0,0.1,1.8,0.3,0.3,0.0,1.8,0.3714285714285714
2020-10-27,Tidak Banjir,0.4,1.2,2.6,2.5,4.1,1.3,1.4,0.4,4.1,1.9285714285714288
2020-10-28,Tidak Banjir,0.2,0.8,0.5,0.0,0.0,0.0,0.0,0.0,0.8,0.21428571428571427
2020-10-29,Tidak Banjir,0.0,0.0,0.0,0.2,1.1,1.2,1.1,0.0,1.2,0.5142857142857143
2020-10-30,Tidak Banjir,0.3,0.0,0.0,0.3,0.1,1.2,1.8,0.0,1.8,0.5285714285714286
2020-10-31,Tidak Banjir,0.3,0.4,0.8,0.2,1.3,2.1,3.4,0.2,3.4,1.2142857142857142
2020-11-01,Tidak Banjir,0.9,0.0,0.0,0.0,0.3,0.0,0.0,0.0,0.9,0.17142857142857143
2020-11-02,Tidak Banjir,0.0,0.2,0.0,0.1,0.0,3.8,4.6,0.0,4.6,1.2428571428571427
2020-11-03,Tidak Banjir,0.4,0.0,0.0,0.0,0.2,0.0,0.0,0.0,0.4,0.08571428571428573
2020-11-04,Tidak Banjir,0.0,0.0,0.0,0.0,0.0,0.0,0.0,0.0,0.0,0.0
2020-11-05,Tidak Banjir,0.0,0.0,0.0,0.0,0.1,0.2,0.0,0.0,0.2,0.042857142857142864
2020-11-06,Tidak Banjir,0.0,0.0,0.0,0.0,7.2,1.8,0.0,0.0,7.2,1.2857142857142858
2020-11-07,Tidak Banjir,0.0,0.0,0.0,0.1,0.2,0.0,0.4,0.0,0.4,0.1
2020-11-08,Tidak Banjir,0.1,0.0,0.0,0.0,0.0,1.1,1.7,0.0,1.7,0.4142857142857143
2020-11-09,Banjir,0.0,0.0,0.0,0.0,0.1,0.0,0.0,0.0,0.1,0.014285714285714287
2020-11-10,Tidak Banjir,0.0,0.0,0.0,0.0,0.0,0.1,0.0,0.0,0.1,0.014285714285714287
2020-11-11,Tidak Banjir,0.0,0.0,0.0,0.0,0.0,0.0,0.0,0.0,0.0,0.0
2020-11-12,Tidak Banjir,0.0,0.0,0.0,0.0,0.1,0.0,0.0,0.0,0.1,0.014285714285714287
2020-11-13,Tidak Banjir,0.0,0.0,0.0,0.0,0.1,0.2,0.0,0.0,0.2,0.042857142857142864
2020-11-14,Tidak Banjir,0.0,0.0,0.0,0.0,0.0,0.0,0.2,0.0,0.2,0.028571428571428574
2020-11-15,Tidak Banjir,0.3,0.0,0.0,0.4,0.5,0.0,0.0,0.0,0.5,0.17142857142857143
2020-11-16,Tidak Banjir,0.0,0.0,0.0,0.1,0.5,0.1,0.0,0.0,0.5,0.09999999999999999
2020-11-17,Tidak Banjir,0.0,0.0,0.4,0.0,0.0,0.1,0.0,0.0,0.4,0.07142857142857142
2020-11-18,Tidak Banjir,0.0,0.0,0.0,0.1,0.7,2.3,1.5,0.0,2.3,0.6571428571428571
2020-11-19,Tidak Banjir,0.0,0.0,0.0,0.0,0.0,0.0,0.1,0.0,0.1,0.014285714285714287
2020-11-20,Tidak Banjir,1.5,0.0,0.0,0.2,0.0,1.2,0.0,0.0,1.5,0.41428571428571426
2020-11-21,Tidak Banjir,0.0,0.0,0.4,0.0,0.2,0.1,0.0,0.0,0.4,0.1
2020-11-22,Tidak Banjir,1.1,0.0,0.2,0.0,0.2,9.6,0.8,0.0,9.6,1.7
2020-11-23,Tidak Banjir,0.4,0.0,0.4,0.4,0.5,7.3,2.1,0.0,7.3,1.5857142857142856
2020-11-24,Tidak Banjir,0.1,0.0,0.0,0.0,0.0,0.2,0.0,0.0,0.2,0.042857142857142864
2020-11-25,Tidak Banjir,0.3,2.4,1.7,0.1,0.0,0.4,0.0,0.0,2.4,0.7
2020-11-26,Tidak Banjir,0.0,0.0,0.1,0.2,0.0,0.0,0.0,0.0,0.2,0.042857142857142864
2020-11-27,Tidak Banjir,0.0,0.0,0.0,0.0,0.1,0.1,0.0,0.0,0.1,0.028571428571428574
2020-11-28,Tidak Banjir,0.0,0.2,0.4,0.0,0.0,0.1,0.0,0.0,0.4,0.1
2020-11-29,Banjir,0.0,0.0,0.1,0.2,0.4,1.8,0.4,0.0,1.8,0.41428571428571426
2020-11-30,Tidak Banjir,0.2,0.1,0.0,0.0,0.0,9.2,0.1,0.0,9.2,1.3714285714285714
2020-12-01,Tidak Banjir,0.0,0.0,0.0,0.0,0.1,1.5,1.1,0.0,1.5,0.38571428571428573
2020-12-02,Tidak Banjir,0.0,0.0,0.0,0.0,0.2,0.3,1.3,0.0,1.3,0.2571428571428572
2020-12-03,Tidak Banjir,1.0,1.6,0.2,0.0,0.0,0.0,0.0,0.0,1.6,0.4
2020-12-04,Banjir,1.7,0.0,0.0,0.3,0.2,6.0,0.1,0.0,6.0,1.1857142857142855
2020-12-05,Tidak Banjir,0.0,0.3,0.7,0.4,0.3,0.1,0.0,0.0,0.7,0.2571428571428572
2020-12-06,Tidak Banjir,0.6,0.0,0.0,0.2,0.1,1.6,0.0,0.0,1.6,0.35714285714285715
2020-12-07,Tidak Banjir,0.0,0.4,0.2,0.0,1.2,0.2,1.2,0.0,1.2,0.4571428571428572
2020-12-08,Tidak Banjir,0.0,0.0,0.0,0.1,0.0,0.2,0.0,0.0,0.2,0.042857142857142864
2020-12-09,Tidak Banjir,0.0,0.0,0.0,0.1,0.3,0.0,0.0,0.0,0.3,0.05714285714285715
2020-12-10,Tidak Banjir,0.0,0.0,0.0,0.2,0.4,10.9,0.0,0.0,10.9,1.6428571428571428
2020-12-11,Tidak Banjir,0.0,0.2,0.1,0.0,0.1,4.2,3.2,0.0,4.2,1.1142857142857143
2020-12-12,Tidak Banjir,0.0,0.4,0.2,1.3,1.0,0.4,0.3,0.0,1.3,0.5142857142857143
2020-12-13,Banjir,0.0,0.0,0.1,0.3,0.3,2.6,2.4,0.0,2.6,0.8142857142857142
2020-12-14,Banjir,1.1,2.9,0.2,0.2,1.0,7.6,0.7,0.2,7.6,1.957142857142857
2020-12-15,Tidak Banjir,0.4,0.2,0.0,0.0,7.9,0.5,1.9,0.0,7.9,1.5571428571428572
2020-12-16,Tidak Banjir,0.8,0.3,0.1,0.2,1.6,1.5,0.6,0.1,1.6,0.7285714285714285
2020-12-17,Banjir,0.0,0.0,0.0,0.0,0.0,2.7,1.5,0.0,2.7,0.6
2020-12-18,Tidak Banjir,0.0,0.0,1.0,0.0,0.0,1.0,0.0,0.0,1.0,0.2857142857142857
2020-12-19,Tidak Banjir,0.0,0.0,0.0,0.0,3.0,0.0,0.0,0.0,3.0,0.42857142857142855
2020-12-20,Tidak Banjir,0.0,0.0,0.0,0.0,0.1,2.6,1.0,0.0,2.6,0.5285714285714286
2020-12-21,Tidak Banjir,0.0,1.4,0.6,0.2,0.2,0.3,0.0,0.0,1.4,0.38571428571428573
2020-12-22,Tidak Banjir,0.0,0.9,0.1,0.1,0.2,3.1,0.0,0.0,3.1,0.6285714285714287
2020-12-23,Tidak Banjir,0.0,0.0,0.0,0.0,0.2,0.0,0.0,0.0,0.2,0.028571428571428574
2020-12-24,Tidak Banjir,0.0,0.9,0.1,0.2,0.7,2.0,0.0,0.0,2.0,0.5571428571428572
2020-12-25,Tidak Banjir,0.0,0.0,0.0,0.0,0.0,0.0,0.0,0.0,0.0,0.0
2020-12-26,Tidak Banjir,0.0,0.0,0.0,0.0,0.1,0.8,1.2,0.0,1.2,0.3
2020-12-27,Tidak Banjir,0.0,0.0,0.0,0.0,0.0,4.8,0.1,0.0,4.8,0.7
2020-12-28,Banjir,0.0,0.4,0.3,0.4,0.2,0.0,0.0,0.0,0.4,0.18571428571428572
2020-12-29,Tidak Banjir,0.0,0.0,0.0,0.0,0.2,0.7,1.6,0.0,1.6,0.35714285714285715
2020-12-30,Tidak Banjir,0.0,0.0,0.4,1.1,1.0,0.8,0.0,0.0,1.1,0.4714285714285714
2020-12-31,Tidak Banjir,0.2,0.3,0.2,0.3,0.2,0.1,1.7,0.1,1.7,0.42857142857142855
2021-01-01,Banjir,0.0,1.3,0.0,0.0,0.0,2.6,0.5,0.0,2.6,0.6285714285714287
2021-01-02,Tidak Banjir,0.0,0.0,0.0,0.0,0.0,0.0,1.4,0.0,1.4,0.19999999999999998
2021-01-03,Tidak Banjir,0.0,0.0,0.0,0.0,0.2,4.1,0.2,0.0,4.1,0.6428571428571429
2021-01-04,Tidak Banjir,0.4,0.0,0.1,0.4,0.0,0.0,0.0,0.0,0.4,0.1285714285714286
2021-01-05,Tidak Banjir,0.0,0.0,0.0,0.0,0.0,0.0,1.9,0.0,1.9,0.2714285714285714
2021-01-06,Tidak Banjir,3.5,2.4,1.7,0.0,0.0,3.8,0.3,0.0,3.8,1.6714285714285715
2021-01-07,Tidak Banjir,1.9,11.4,8.4,0.0,0.1,1.5,3.9,0.0,11.4,3.885714285714286
2021-01-08,Tidak Banjir,0.0,0.0,0.0,0.2,0.0,0.3,1.4,0.0,1.4,0.2714285714285714
2021-01-09,Tidak Banjir,0.0,0.3,0.0,0.0,0.2,0.2,1.2,0.0,1.2,0.2714285714285714
2021-01-10,Tidak Banjir,0.6,0.3,0.0,0.0,0.2,0.0,1.4,0.0,1.4,0.35714285714285715
2021-01-11,Tidak Banjir,0.0,0.0,0.0,0.0,0.0,1.4,5.1,0.0,5.1,0.9285714285714286
2021-01-12,Tidak Banjir,0.9,2.0,0.8,0.3,0.1,0.8,2.7,0.1,2.7,1.0857142857142856
2021-01-13,Banjir,1.5,0.4,0.6,0.3,0.7,0.3,1.6,0.3,1.6,0.7714285714285715
2021-01-14,Tidak Banjir,0.0,0.0,0.0,0.0,0.0,0.0,0.0,0.0,0.0,0.0
2021-01-15,Tidak Banjir,0.0,0.0,0.0,0.0,0.0,0.0,0.0,0.0,0.0,0.0
2021-01-16,Tidak Banjir,0.0,0.0,0.0,0.0,0.0,0.0,0.0,0.0,0.0,0.0
2021-01-17,Tidak Banjir,0.0,2.0,0.5,0.0,0.0,1.5,2.0,0.0,2.0,0.8571428571428571
2021-01-18,Tidak Banjir,0.0,0.3,0.0,0.0,9.5,0.0,0.0,0.0,9.5,1.4000000000000001
2021-01-19,Tidak Banjir,0.0,0.4,0.4,0.0,0.0,0.1,0.0,0.0,0.4,0.1285714285714286
2021-01-20,Tidak Banjir,0.0,0.0,0.0,0.2,0.6,0.0,2.2,0.0,2.2,0.42857142857142855
2021-01-21,Tidak Banjir,1.2,0.0,0.0,0.0,0.0,1.5,5.8,0.0,5.8,1.2142857142857142
2021-01-22,Tidak Banjir,1.6,0.0,0.0,0.0,0.0,0.0,0.0,0.0,1.6,0.2285714285714286
2021-01-23,Tidak Banjir,0.0,0.0,0.0,0.0,0.0,0.0,2.0,0.0,2.0,0.2857142857142857
2021-01-24,Tidak Banjir,0.0,0.0,0.0,0.0,0.0,0.4,1.7,0.0,1.7,0.3
2021-01-25,Tidak Banjir,0.0,0.0,0.0,0.0,0.2,0.4,2.3,0.0,2.3,0.41428571428571426
2021-01-26,Tidak Banjir,0.4,0.9,0.0,0.0,0.4,5.2,1.2,0.0,5.2,1.157142857142857
2021-01-27,Tidak Banjir,0.2,2.6,0.4,0.3,0.5,0.5,0.1,0.1,2.6,0.6571428571428571
2021-01-28,Tidak Banjir,0.7,1.0,2.4,2.0,6.4,0.3,0.0,0.0,6.4,1.8285714285714287
2021-01-29,Tidak Banjir,0.1,0.0,0.0,0.0,0.0,1.2,3.5,0.0,3.5,0.6857142857142857
2021-01-30,Tidak Banjir,0.0,0.0,0.0,0.0,0.0,3.1,0.2,0.0,3.1,0.4714285714285715
2021-01-31,Tidak Banjir,0.0,0.0,0.0,0.0,0.0,0.1,1.5,0.0,1.5,0.2285714285714286
2021-02-01,Tidak Banjir,0.0,0.0,0.0,0.0,0.0,8.9,1.2,0.0,8.9,1.4428571428571428
2021-02-02,Tidak Banjir,0.0,0.7,0.0,0.0,0.0,1.6,4.9,0.0,4.9,1.0285714285714287
2021-02-03,Tidak Banjir,1.2,0.6,0.2,0.2,0.2,0.7,1.7,0.2,1.7,0.6857142857142857
2021-02-04,Tidak Banjir,0.0,0.0,0.1,0.0,0.0,0.3,1.1,0.0,1.1,0.21428571428571427
2021-02-05,Tidak Banjir,0.0,0.0,0.0,0.0,0.4,0.1,1.3,0.0,1.3,0.2571428571428572
2021-02-06,Banjir,0.0,0.0,0.0,0.0,0.1,0.0,0.1,0.0,0.1,0.028571428571428574
2021-02-07,Tidak Banjir,0.0,0.0,0.0,0.0,0.0,0.2,1.7,0.0,1.7,0.2714285714285714
2021-02-08,Tidak Banjir,0.0,0.0,0.0,0.0,0.0,13.7,1.9,0.0,13.7,2.2285714285714286
2021-02-09,Tidak Banjir,0.9,0.0,0.0,0.0,0.2,7.7,1.7,0.0,7.7,1.5
2021-02-10,Tidak Banjir,0.0,0.0,0.0,0.2,0.3,1.0,6.0,0.0,6.0,1.0714285714285714
2021-02-11,Tidak Banjir,0.0,0.0,0.0,0.2,0.3,2.0,2.8,0.0,2.8,0.7571428571428571
2021-02-12,Tidak Banjir,1.7,1.1,0.0,0.0,1.7,2.6,2.4,0.0,2.6,1.3571428571428572
2021-02-13,Tidak Banjir,0.0,0.0,0.0,0.0,0.0,1.5,0.2,0.0,1.5,0.24285714285714285
2021-02-14,Tidak Banjir,0.0,0.0,0.2,0.2,0.8,0.3,2.2,0.0,2.2,0.5285714285714286
2021-02-15,Tidak Banjir,0.0,0.0,0.0,0.2,0.3,3.4,2.5,0.0,3.4,0.9142857142857144
2021-02-16,Tidak Banjir,0.0,0.4,0.0,0.2,0.0,0.0,2.2,0.0,2.2,0.4
2021-02-17,Tidak Banjir,1.5,0.6,0.6,0.6,0.4,0.2,0.0,0.0,1.5,0.5571428571428572
2021-02-18,Tidak Banjir,0.0,0.2,0.0,0.0,0.3,0.3,1.5,0.0,1.5,0.32857142857142857
2021-02-19,Tidak Banjir,0.0,0.0,0.0,0.0,0.0,0.1,1.1,0.0,1.1,0.17142857142857146
2021-02-20,Tidak Banjir,1.7,0.0,0.0,0.0,0.0,0.0,0.0,0.0,1.7,0.24285714285714285
2021-02-21,Tidak Banjir,0.0,0.0,0.0,0.0,0.0,0.0,1.9,0.0,1.9,0.2714285714285714
2021-02-22,Tidak Banjir,0.0,0.0,0.0,0.0,0.0,1.2,2.4,0.0,2.4,0.5142857142857142
2021-02-23,Tidak Banjir,0.0,0.1,0.2,0.1,0.0,0.5,0.0,0.0,0.5,0.1285714285714286
2021-02-24,Tidak Banjir,0.0,0.0,0.4,0.0,0.0,1.4,0.8,0.0,1.4,0.3714285714285714
2021-02-25,Tidak Banjir,0.4,0.0,0.0,0.0,0.0,14.2,3.0,0.0,14.2,2.5142857142857147
2021-02-26,Tidak Banjir,1.8,0.0,0.0,0.0,0.2,6.5,1.3,0.0,6.5,1.4000000000000001
2021-02-27,Tidak Banjir,1.7,0.0,0.2,0.0,0.1,0.2,1.1,0.0,1.7,0.4714285714285715
2021-02-28,Tidak Banjir,0.0,0.0,0.0,0.0,0.0,1.5,2.5,0.0,2.5,0.5714285714285714
2021-03-01,Tidak Banjir,0.0,0.0,0.3,0.0,0.0,0.0,0.8,0.0,0.8,0.15714285714285717
2021-03-02,Tidak Banjir,0.0,0.0,0.0,0.0,0.0,0.0,0.5,0.0,0.5,0.07142857142857142
2021-03-03,Tidak Banjir,0.0,0.0,0.0,0.0,0.0,5.5,3.4,0.0,5.5,1.2714285714285716
2021-03-04,Tidak Banjir,0.0,0.0,0.0,0.1,0.3,1.6,0.0,0.0,1.6,0.2857142857142857
2021-03-05,Tidak Banjir,0.0,0.0,0.0,0.0,0.1,0.0,0.0,0.0,0.1,0.014285714285714287
2021-03-06,Tidak Banjir,0.0,0.0,0.0,0.0,0.2,11.8,2.1,0.0,11.8,2.0142857142857142
2021-03-07,Tidak Banjir,3.2,2.2,1.2,1.0,0.3,0.0,2.2,0.0,3.2,1.442857142857143
2021-03-08,Tidak Banjir,0.7,0.0,0.0,0.0,0.2,1.4,0.2,0.0,1.4,0.35714285714285715
2021-03-09,Tidak Banjir,0.1,0.0,0.0,0.0,0.0,0.0,2.2,0.0,2.2,0.3285714285714286
2021-03-10,Tidak Banjir,0.0,0.0,0.0,0.0,0.1,0.0,1.5,0.0,1.5,0.2285714285714286
2021-03-11,Tidak Banjir,0.7,2.6,0.0,0.0,0.1,1.0,2.1,0.0,2.6,0.9285714285714286
2021-03-12,Tidak Banjir,0.5,0.0,0.0,0.0,0.2,1.1,1.8,0.0,1.8,0.5142857142857143
2021-03-13,Tidak Banjir,0.0,0.0,0.0,0.0,0.0,0.0,0.2,0.0,0.2,0.028571428571428574
2021-03-14,Tidak Banjir,0.0,0.0,0.0,0.0,0.3,0.0,1.3,0.0,1.3,0.2285714285714286
2021-03-15,Tidak Banjir,0.0,0.0,0.0,0.1,0.2,0.1,0.0,0.0,0.2,0.05714285714285715
2021-03-16,Tidak Banjir,0.0,1.0,1.8,0.0,0.1,6.0,1.4,0.0,6.0,1.4714285714285715
2021-03-17,Tidak Banjir,0.0,0.0,0.0,0.1,0.0,3.6,1.2,0.0,3.6,0.7000000000000001
2021-03-18,Tidak Banjir,0.0,0.0,0.0,0.0,0.0,0.0,0.0,0.0,0.0,0.0
2021-03-19,Tidak Banjir,0.1,0.0,0.0,0.0,0.0,6.0,0.0,0.0,6.0,0.8714285714285713
2021-03-20,Tidak Banjir,0.0,0.0,0.0,0.1,0.2,2.7,1.0,0.0,2.7,0.5714285714285714
2021-03-21,Tidak Banjir,0.0,0.0,0.0,0.0,0.0,0.0,1.4,0.0,1.4,0.19999999999999998
2021-03-22,Tidak Banjir,0.0,0.0,0.0,0.2,0.0,1.9,2.7,0.0,2.7,0.6857142857142858
2021-03-23,Tidak Banjir,0.1,0.0,0.0,0.0,0.2,3.9,1.5,0.0,3.9,0.8142857142857143
2021-03-24,Tidak Banjir,0.0,0.0,0.2,0.0,0.2,6.2,2.4,0.0,6.2,1.2857142857142858
2021-03-25,Tidak Banjir,0.0,0.0,0.0,0.0,0.0,1.2,1.4,0.0,1.4,0.3714285714285714
2021-03-26,Tidak Banjir,0.0,0.0,0.0,0.0,0.1,0.0,1.8,0.0,1.8,0.27142857142857146
2021-03-27,Tidak Banjir,1.4,0.0,0.0,0.1,0.1,0.0,1.2,0.0,1.4,0.39999999999999997
2021-03-28,Tidak Banjir,0.2,0.0,0.0,0.0,0.0,0.0,0.0,0.0,0.2,0.028571428571428574
2021-03-29,Tidak Banjir,0.2,0.0,1.0,0.2,5.0,1.0,0.3,0.0,5.0,1.1
2021-03-30,Tidak Banjir,0.0,0.0,0.1,0.1,0.5,2.2,0.7,0.0,2.2,0.5142857142857143
2021-03-31,Tidak Banjir,0.7,1.4,1.3,0.2,0.0,8.1,0.1,0.0,8.1,1.6857142857142855
2021-04-01,Tidak Banjir,0.5,0.7,2.2,0.3,1.0,0.4,0.0,0.0,2.2,0.7285714285714286
2021-04-02,Tidak Banjir,0.0,0.0,0.0,0.0,0.0,0.1,1.8,0.0,1.8,0.27142857142857146
2021-04-03,Tidak Banjir,0.3,1.0,2.2,0.2,0.0,0.0,5.2,0.0,5.2,1.2714285714285716
2021-04-04,Tidak Banjir,1.3,0.2,0.0,0.1,0.0,1.3,3.4,0.0,3.4,0.9000000000000001
2021-04-05,Tidak Banjir,1.1,0.2,0.0,0.0,0.1,1.0,1.1,0.0,1.1,0.5000000000000001
2021-04-06,Tidak Banjir,0.0,0.3,0.0,0.0,0.0,5.9,0.4,0.0,5.9,0.942857142857143
2021-04-07,Tidak Banjir,0.0,0.0,0.0,0.2,0.4,0.0,0.0,0.0,0.4,0.08571428571428573
2021-04-08,Tidak Banjir,0.0,0.0,0.0,0.0,0.0,0.0,0.0,0.0,0.0,0.0
2021-04-09,Tidak Banjir,0.0,0.0,0.0,0.0,0.0,0.0,0.7,0.0,0.7,0.09999999999999999
2021-04-10,Tidak Banjir,0.0,0.0,0.0,0.1,0.0,5.7,0.0,0.0,5.7,0.8285714285714285
2021-04-11,Tidak Banjir,1.3,0.2,0.9,0.7,0.2,1.5,0.0,0.0,1.5,0.6857142857142857
2021-04-12,Banjir,0.0,0.0,0.0,0.0,0.2,0.0,0.0,0.0,0.2,0.028571428571428574
2021-04-13,Tidak Banjir,0.0,0.0,0.0,0.0,0.0,0.5,0.0,0.0,0.5,0.07142857142857142
2021-04-14,Tidak Banjir,0.0,0.0,0.0,0.0,0.2,3.4,0.0,0.0,3.4,0.5142857142857143
2021-04-15,Tidak Banjir,0.3,0.0,0.0,0.0,0.2,0.4,0.0,0.0,0.4,0.1285714285714286
2021-04-16,Tidak Banjir,1.2,0.0,0.0,0.0,0.2,0.1,0.0,0.0,1.2,0.21428571428571427
2021-04-17,Tidak Banjir,0.0,0.0,0.0,0.0,0.0,0.0,0.5,0.0,0.5,0.07142857142857142
2021-04-18,Tidak Banjir,0.0,0.1,0.0,0.1,3.6,0.0,0.0,0.0,3.6,0.5428571428571429
2021-04-19,Tidak Banjir,0.0,0.0,0.0,0.0,0.0,0.8,0.1,0.0,0.8,0.1285714285714286
2021-04-20,Tidak Banjir,0.0,0.0,0.0,0.1,0.0,3.9,0.0,0.0,3.9,0.5714285714285714
2021-04-21,Tidak Banjir,0.0,0.0,0.0,0.1,0.2,0.0,0.0,0.0,0.2,0.042857142857142864
2021-04-22,Tidak Banjir,0.0,0.0,0.0,0.0,0.0,0.0,0.0,0.0,0.0,0.0
2021-04-23,Tidak Banjir,0.0,0.0,0.0,0.0,0.0,0.0,0.0,0.0,0.0,0.0
2021-04-24,Tidak Banjir,0.0,0.0,0.0,0.0,0.0,0.0,0.0,0.0,0.0,0.0
2021-04-25,Tidak Banjir,0.0,0.0,0.0,0.0,0.0,0.0,0.2,0.0,0.2,0.028571428571428574
2021-04-26,Tidak Banjir,0.0,0.0,0.0,0.0,0.0,0.0,0.0,0.0,0.0,0.0
2021-04-27,Tidak Banjir,0.0,0.0,0.0,0.0,0.0,0.1,0.1,0.0,0.1,0.028571428571428574
2021-04-28,Tidak Banjir,0.0,0.0,0.1,0.1,0.0,0.2,0.2,0.0,0.2,0.08571428571428573
2021-04-29,Tidak Banjir,0.0,0.0,0.0,0.0,0.0,0.0,0.0,0.0,0.0,0.0
2021-04-30,Tidak Banjir,0.1,0.0,0.0,0.0,0.6,0.0,0.0,0.0,0.6,0.09999999999999999
2021-05-01,Tidak Banjir,0.0,0.0,0.0,0.0,0.3,7.2,0.3,0.0,7.2,1.1142857142857143
2021-05-02,Tidak Banjir,0.3,0.2,0.3,0.2,0.4,0.0,0.0,0.0,0.4,0.19999999999999998
2021-05-03,Tidak Banjir,0.0,0.0,0.1,0.0,0.3,0.5,0.0,0.0,0.5,0.1285714285714286
2021-05-04,Tidak Banjir,0.0,0.0,0.0,0.0,0.3,0.2,0.3,0.0,0.3,0.1142857142857143
2021-05-05,Tidak Banjir,0.0,0.0,0.0,0.0,0.2,1.4,0.0,0.0,1.4,0.22857142857142856
2021-05-06,Tidak Banjir,0.0,0.0,0.0,0.0,0.2,3.3,1.1,0.0,3.3,0.6571428571428571
2021-05-07,Tidak Banjir,0.0,0.0,0.0,0.0,0.2,0.5,0.0,0.0,0.5,0.09999999999999999
2021-05-08,Tidak Banjir,0.0,0.0,0.0,0.2,0.1,0.4,0.0,0.0,0.4,0.1
2021-05-09,Tidak Banjir,0.0,0.0,0.0,0.0,0.1,0.2,0.0,0.0,0.2,0.042857142857142864
2021-05-10,Tidak Banjir,0.0,0.0,0.0,0.1,0.0,0.2,0.0,0.0,0.2,0.042857142857142864
2021-05-11,Tidak Banjir,0.0,0.0,0.0,0.1,0.0,0.0,0.0,0.0,0.1,0.014285714285714287
2021-05-12,Tidak Banjir,0.0,0.0,0.0,0.0,0.0,0.3,0.0,0.0,0.3,0.04285714285714286
2021-05-13,Tidak Banjir,0.0,0.0,0.0,0.1,0.2,0.6,0.0,0.0,0.6,0.1285714285714286
2021-05-14,Tidak Banjir,0.0,0.0,0.0,0.2,1.6,3.1,0.5,0.0,3.1,0.7714285714285715
2021-05-15,Tidak Banjir,0.0,0.0,0.0,0.0,0.0,0.6,0.0,0.0,0.6,0.08571428571428572
2021-05-16,Tidak Banjir,0.0,0.0,0.0,0.0,0.0,0.4,0.3,0.0,0.4,0.09999999999999999
2021-05-17,Tidak Banjir,0.0,0.0,0.0,0.0,0.0,2.2,0.5,0.0,2.2,0.38571428571428573
2021-05-18,Tidak Banjir,0.4,0.0,0.0,0.0,0.1,0.0,0.0,0.0,0.4,0.07142857142857142
2021-05-19,Tidak Banjir,0.0,0.0,0.0,0.0,0.0,0.0,0.0,0.0,0.0,0.0
2021-05-20,Tidak Banjir,0.0,0.0,0.0,0.0,0.0,0.3,0.0,0.0,0.3,0.04285714285714286
2021-05-21,Tidak Banjir,0.5,0.0,0.0,0.0,0.2,0.0,0.0,0.0,0.5,0.09999999999999999
2021-05-22,Tidak Banjir,0.0,0.0,1.0,0.0,0.0,0.0,0.4,0.0,1.0,0.19999999999999998
2021-05-23,Tidak Banjir,0.0,0.0,0.0,0.0,0.0,0.3,1.1,0.0,1.1,0.2
2021-05-24,Tidak Banjir,0.0,0.0,0.0,0.0,0.2,2.6,1.3,0.0,2.6,0.5857142857142857
2021-05-25,Tidak Banjir,0.0,0.5,0.1,0.2,0.1,3.9,0.0,0.0,3.9,0.6857142857142857
2021-05-26,Tidak Banjir,0.0,0.0,0.0,0.4,0.0,0.6,0.0,0.0,0.6,0.14285714285714285
2021-05-27,Tidak Banjir,0.3,0.0,0.0,0.4,0.2,0.0,0.0,0.0,0.4,0.12857142857142856
2021-05-28,Tidak Banjir,0.0,0.0,0.0,0.1,0.0,0.0,0.0,0.0,0.1,0.014285714285714287
2021-05-29,Tidak Banjir,0.0,0.0,0.0,0.1,3.2,1.2,0.0,0.0,3.2,0.6428571428571429
2021-05-30,Tidak Banjir,0.0,0.0,0.0,0.0,0.3,0.0,0.2,0.0,0.3,0.07142857142857142
2021-05-31,Tidak Banjir,0.0,0.0,0.0,0.0,0.0,0.0,0.0,0.0,0.0,0.0
2021-06-01,Tidak Banjir,0.0,0.0,0.0,0.0,0.2,0.4,0.0,0.0,0.4,0.08571428571428573
2021-06-02,Tidak Banjir,0.0,0.0,0.0,0.0,0.0,4.4,0.0,0.0,4.4,0.6285714285714287
2021-06-03,Tidak Banjir,0.0,0.0,0.0,0.0,0.1,0.2,0.0,0.0,0.2,0.042857142857142864
2021-06-04,Tidak Banjir,0.0,0.7,0.3,0.0,0.0,0.0,0.0,0.0,0.7,0.14285714285714285
2021-06-05,Tidak Banjir,1.2,0.0,0.0,0.0,0.0,0.1,0.0,0.0,1.2,0.18571428571428572
2021-06-06,Tidak Banjir,0.0,0.0,0.0,0.0,0.0,0.2,0.0,0.0,0.2,0.028571428571428574
2021-06-07,Tidak Banjir,0.0,0.0,0.0,0.0,0.0,0.0,0.0,0.0,0.0,0.0
2021-06-08,Tidak Banjir,0.0,0.0,0.0,0.0,0.0,0.0,0.0,0.0,0.0,0.0
2021-06-09,Tidak Banjir,0.0,0.0,0.0,0.0,0.0,0.0,0.0,0.0,0.0,0.0
2021-06-10,Tidak Banjir,0.0,0.0,0.0,0.0,0.0,0.0,0.2,0.0,0.2,0.028571428571428574
2021-06-11,Tidak Banjir,0.0,0.0,0.2,0.0,0.2,2.3,0.4,0.0,2.3,0.4428571428571428
2021-06-12,Tidak Banjir,0.0,0.0,0.0,0.0,0.0,0.0,0.0,0.0,0.0,0.0
2021-06-13,Tidak Banjir,0.0,0.0,0.2,0.2,0.0,0.1,1.3,0.0,1.3,0.2571428571428572
2021-06-14,Tidak Banjir,0.0,0.0,0.0,0.2,0.5,0.0,0.0,0.0,0.5,0.09999999999999999
2021-06-15,Tidak Banjir,0.1,0.8,0.0,0.1,0.1,3.4,0.2,0.0,3.4,0.6714285714285715
2021-06-16,Tidak Banjir,0.0,0.0,0.4,0.1,0.1,2.8,1.6,0.0,2.8,0.7142857142857143
2021-06-17,Tidak Banjir,0.8,1.1,0.3,0.9,1.8,0.7,0.3,0.3,1.8,0.8428571428571429
2021-06-18,Tidak Banjir,0.2,0.0,0.4,0.0,0.5,3.2,0.0,0.0,3.2,0.6142857142857144
2021-06-19,Tidak Banjir,0.0,0.1,0.0,0.0,0.1,1.2,0.0,0.0,1.2,0.19999999999999998
2021-06-20,Tidak Banjir,0.0,0.0,0.0,0.0,0.5,1.1,0.0,0.0,1.1,0.2285714285714286
2021-06-21,Tidak Banjir,0.0,0.0,0.0,0.0,0.0,1.4,0.4,0.0,1.4,0.2571428571428571
2021-06-22,Tidak Banjir,0.3,0.2,0.0,0.1,0.0,0.2,0.2,0.0,0.3,0.14285714285714285
2021-06-23,Tidak Banjir,0.1,0.1,0.0,0.0,0.1,0.0,0.0,0.0,0.1,0.042857142857142864
2021-06-24,Tidak Banjir,0.1,0.0,0.0,0.0,1.3,0.4,0.2,0.0,1.3,0.28571428571428575
2021-06-25,Tidak Banjir,0.0,0.0,0.0,0.0,4.5,3.6,1.1,0.0,4.5,1.3142857142857143
2021-06-26,Tidak Banjir,0.0,0.0,0.0,0.2,6.7,0.1,1.7,0.0,6.7,1.2428571428571427
2021-06-27,Tidak Banjir,0.0,0.0,0.0,0.1,2.8,0.2,0.8,0.0,2.8,0.5571428571428572
2021-06-28,Tidak Banjir,0.0,0.0,0.0,0.0,0.0,0.1,0.2,0.0,0.2,0.042857142857142864
2021-06-29,Tidak Banjir,0.0,0.1,0.0,0.0,0.1,3.7,2.4,0.0,3.7,0.9000000000000001
2021-06-30,Tidak Banjir,0.0,0.4,0.0,0.3,0.8,0.1,1.1,0.0,1.1,0.38571428571428573
2021-07-01,Banjir,0.6,0.0,0.0,0.0,0.0,0.9,0.2,0.0,0.9,0.24285714285714285
2021-07-02,Tidak Banjir,0.0,0.0,0.0,0.0,0.0,0.0,0.0,0.0,0.0,0.0
2021-07-03,Tidak Banjir,0.0,0.0,0.0,0.2,0.2,0.0,0.0,0.0,0.2,0.05714285714285715
2021-07-04,Tidak Banjir,0.0,0.0,0.0,0.0,0.0,0.0,0.0,0.0,0.0,0.0
2021-07-05,Tidak Banjir,0.0,0.0,0.0,0.0,0.0,0.0,0.0,0.0,0.0,0.0
2021-07-06,Tidak Banjir,0.0,0.0,0.0,0.1,0.0,0.0,0.0,0.0,0.1,0.014285714285714287
2021-07-07,Tidak Banjir,0.0,0.0,0.0,0.0,0.3,0.2,0.0,0.0,0.3,0.07142857142857142
2021-07-08,Tidak Banjir,0.0,0.0,0.0,0.0,0.2,0.0,0.0,0.0,0.2,0.028571428571428574
2021-07-09,Tidak Banjir,0.0,0.0,0.0,0.0,0.0,1.5,0.3,0.0,1.5,0.2571428571428572
2021-07-10,Tidak Banjir,0.0,2.0,0.3,0.3,0.2,0.0,0.0,0.0,2.0,0.39999999999999997
2021-07-11,Tidak Banjir,0.0,0.8,0.5,0.0,0.1,0.0,0.3,0.0,0.8,0.24285714285714288
2021-07-12,Tidak Banjir,1.8,1.6,2.2,0.2,0.0,0.3,0.0,0.0,2.2,0.8714285714285716
2021-07-13,Tidak Banjir,0.0,0.0,0.0,0.0,0.0,1.0,1.5,0.0,1.5,0.35714285714285715
2021-07-14,Tidak Banjir,0.9,0.0,0.0,0.0,1.3,0.0,0.0,0.0,1.3,0.31428571428571433
2021-07-15,Tidak Banjir,0.0,0.0,0.0,0.0,0.0,0.0,0.0,0.0,0.0,0.0
2021-07-16,Tidak Banjir,0.0,0.0,0.0,0.0,0.4,0.5,0.0,0.0,0.5,0.1285714285714286
2021-07-17,Tidak Banjir,0.0,0.0,0.0,0.2,0.0,0.1,0.0,0.0,0.2,0.042857142857142864
2021-07-18,Tidak Banjir,0.0,0.0,0.0,0.0,0.0,0.0,0.0,0.0,0.0,0.0
2021-07-19,Tidak Banjir,0.0,0.0,0.0,0.0,0.0,0.0,0.0,0.0,0.0,0.0
2021-07-20,Tidak Banjir,0.0,0.0,0.0,0.0,0.0,3.5,0.0,0.0,3.5,0.5
2021-07-21,Banjir,0.0,0.0,0.1,0.0,0.0,2.9,0.0,0.0,2.9,0.42857142857142855
2021-07-22,Tidak Banjir,0.0,0.0,0.0,0.0,0.2,0.0,0.0,0.0,0.2,0.028571428571428574
2021-07-23,Tidak Banjir,0.0,0.0,0.0,0.0,0.0,0.2,0.0,0.0,0.2,0.028571428571428574
2021-07-24,Tidak Banjir,0.0,0.0,0.0,0.9,0.3,1.7,1.0,0.0,1.7,0.5571428571428572
2021-07-25,Tidak Banjir,0.0,0.0,0.0,0.0,0.0,0.0,0.0,0.0,0.0,0.0
2021-07-26,Tidak Banjir,0.0,0.0,0.0,0.2,0.0,0.0,0.0,0.0,0.2,0.028571428571428574
2021-07-27,Tidak Banjir,0.0,0.0,0.0,0.0,0.0,0.0,0.0,0.0,0.0,0.0
2021-07-28,Tidak Banjir,0.0,0.0,0.0,0.0,0.0,0.0,0.0,0.0,0.0,0.0
2021-07-29,Tidak Banjir,0.0,0.0,0.0,0.0,0.0,0.0,0.0,0.0,0.0,0.0
2021-07-30,Tidak Banjir,0.0,0.0,0.0,0.0,0.0,0.0,0.0,0.0,0.0,0.0
2021-07-31,Tidak Banjir,0.0,0.0,0.0,0.0,0.2,0.0,0.3,0.0,0.3,0.07142857142857142
2021-08-01,Tidak Banjir,0.0,0.0,0.0,0.0,0.0,1.6,0.0,0.0,1.6,0.2285714285714286
2021-08-02,Tidak Banjir,0.0,0.0,0.4,0.0,0.0,0.2,0.3,0.0,0.4,0.1285714285714286
2021-08-03,Tidak Banjir,0.0,0.0,0.0,0.0,0.3,0.0,0.0,0.0,0.3,0.04285714285714286
2021-08-04,Tidak Banjir,0.0,0.0,0.0,0.1,0.0,0.0,0.0,0.0,0.1,0.014285714285714287
2021-08-05,Tidak Banjir,0.0,0.0,0.0,0.0,0.2,0.3,1.1,0.0,1.1,0.2285714285714286
2021-08-06,Tidak Banjir,0.0,0.0,0.0,0.3,0.1,0.0,0.0,0.0,0.3,0.05714285714285715
2021-08-07,Tidak Banjir,0.0,0.1,0.0,0.0,0.2,0.0,0.0,0.0,0.2,0.042857142857142864
2021-08-08,Tidak Banjir,0.1,0.0,0.0,0.3,0.0,0.0,0.0,0.0,0.3,0.05714285714285715
2021-08-09,Tidak Banjir,0.0,0.0,0.0,0.0,1.0,0.0,0.0,0.0,1.0,0.14285714285714285
2021-08-10,Tidak Banjir,0.3,0.0,0.2,0.3,0.0,0.0,0.0,0.0,0.3,0.1142857142857143
2021-08-11,Tidak Banjir,0.0,0.0,0.0,0.1,0.0,0.0,0.0,0.0,0.1,0.014285714285714287
2021-08-12,Tidak Banjir,0.0,0.0,0.0,0.0,0.0,0.0,0.0,0.0,0.0,0.0
2021-08-13,Tidak Banjir,0.0,0.0,0.0,0.0,0.0,0.3,0.1,0.0,0.3,0.05714285714285715
2021-08-14,Tidak Banjir,0.0,0.0,0.0,0.0,0.0,0.0,0.0,0.0,0.0,0.0
2021-08-15,Tidak Banjir,0.2,0.0,0.0,0.0,3.5,0.2,0.0,0.0,3.5,0.5571428571428572
2021-08-16,Tidak Banjir,0.0,0.0,0.0,0.0,0.0,0.0,0.0,0.0,0.0,0.0
2021-08-17,Tidak Banjir,0.0,0.0,0.0,0.0,0.0,0.0,0.1,0.0,0.1,0.014285714285714287
2021-08-18,Tidak Banjir,0.0,0.0,0.0,0.0,0.0,0.0,0.2,0.0,0.2,0.028571428571428574
2021-08-19,Tidak Banjir,0.0,0.0,0.0,0.0,0.2,0.0,0.0,0.0,0.2,0.028571428571428574
2021-08-20,Tidak Banjir,0.1,1.1,0.3,0.2,0.6,0.4,5.5,0.1,5.5,1.1714285714285713
2021-08-21,Tidak Banjir,0.1,0.5,0.0,0.0,0.2,3.1,2.1,0.0,3.1,0.8571428571428571
2021-08-22,Tidak Banjir,0.2,0.1,0.0,0.0,0.1,0.0,0.0,0.0,0.2,0.05714285714285715
2021-08-23,Tidak Banjir,0.0,0.0,0.2,0.1,0.2,0.2,0.0,0.0,0.2,0.09999999999999999
2021-08-24,Tidak Banjir,0.0,0.0,0.0,0.1,0.4,2.0,0.0,0.0,2.0,0.35714285714285715
2021-08-25,Tidak Banjir,0.0,0.0,0.0,0.0,0.4,0.0,0.0,0.0,0.4,0.05714285714285715
2021-08-26,Tidak Banjir,0.0,0.0,0.0,0.0,0.0,0.0,0.0,0.0,0.0,0.0
2021-08-27,Tidak Banjir,0.0,0.0,0.0,0.0,0.0,0.0,0.0,0.0,0.0,0.0
2021-08-28,Tidak Banjir,0.0,0.0,0.0,0.0,0.2,0.0,0.0,0.0,0.2,0.028571428571428574
2021-08-29,Tidak Banjir,0.0,0.0,0.0,0.1,0.1,4.7,0.2,0.0,4.7,0.7285714285714286
2021-08-30,Tidak Banjir,0.0,0.0,0.0,0.0,0.0,0.0,0.2,0.0,0.2,0.028571428571428574
2021-08-31,Tidak Banjir,0.0,0.0,0.0,0.0,3.7,0.9,1.9,0.0,3.7,0.9285714285714286
2021-09-01,Tidak Banjir,0.2,0.0,0.0,0.1,0.5,0.2,0.2,0.0,0.5,0.17142857142857143
2021-09-02,Tidak Banjir,0.0,0.0,0.0,0.2,0.2,0.1,0.0,0.0,0.2,0.07142857142857142
2021-09-03,Tidak Banjir,0.0,0.0,0.0,0.2,0.3,0.4,0.0,0.0,0.4,0.1285714285714286
2021-09-04,Tidak Banjir,0.0,0.0,0.0,0.0,0.2,0.0,0.0,0.0,0.2,0.028571428571428574
2021-09-05,Tidak Banjir,0.0,0.0,0.0,0.0,0.2,0.0,0.0,0.0,0.2,0.028571428571428574
2021-09-06,Tidak Banjir,0.0,0.9,0.2,1.1,0.7,0.5,0.6,0.0,1.1,0.5714285714285714
2021-09-07,Tidak Banjir,1.1,0.0,1.0,0.0,0.4,0.0,0.4,0.0,1.1,0.41428571428571426
2021-09-08,Tidak Banjir,0.0,0.0,0.0,0.0,0.0,0.0,0.0,0.0,0.0,0.0
2021-09-09,Tidak Banjir,0.0,0.0,0.0,0.0,0.1,0.6,0.0,0.0,0.6,0.09999999999999999
2021-09-10,Tidak Banjir,0.0,0.0,0.0,0.0,0.0,0.0,0.0,0.0,0.0,0.0
2021-09-11,Tidak Banjir,0.0,0.0,0.0,0.0,0.1,0.0,0.1,0.0,0.1,0.028571428571428574
2021-09-12,Tidak Banjir,0.0,0.2,0.4,0.4,1.0,4.0,0.1,0.0,4.0,0.8714285714285713
2021-09-13,Tidak Banjir,0.8,0.3,0.2,0.2,4.3,4.1,0.5,0.2,4.3,1.4857142857142855
2021-09-14,Tidak Banjir,0.1,0.2,2.0,0.9,0.5,0.0,0.0,0.0,2.0,0.5285714285714286
2021-09-15,Tidak Banjir,0.0,0.0,0.0,0.0,0.0,0.0,0.0,0.0,0.0,0.0
2021-09-16,Tidak Banjir,0.0,0.0,0.0,0.4,0.0,0.0,0.0,0.0,0.4,0.05714285714285715
2021-09-17,Tidak Banjir,0.0,0.0,0.0,0.0,0.0,0.0,0.0,0.0,0.0,0.0
2021-09-18,Tidak Banjir,0.0,0.0,0.0,0.0,0.0,0.1,0.0,0.0,0.1,0.014285714285714287
2021-09-19,Tidak Banjir,0.0,0.0,0.0,0.0,0.0,0.0,0.1,0.0,0.1,0.014285714285714287
2021-09-20,Tidak Banjir,0.0,0.0,0.0,0.2,0.2,0.0,0.4,0.0,0.4,0.1142857142857143
2021-09-21,Tidak Banjir,0.0,0.0,0.0,0.0,0.0,0.0,0.0,0.0,0.0,0.0
2021-09-22,Tidak Banjir,0.0,0.3,0.0,0.0,0.3,0.1,0.3,0.0,0.3,0.14285714285714285
2021-09-23,Banjir,0.0,0.0,0.4,0.1,0.0,1.0,0.2,0.0,1.0,0.24285714285714285
2021-09-24,Tidak Banjir,0.1,0.1,0.0,0.0,0.2,3.3,0.0,0.0,3.3,0.5285714285714286
2021-09-25,Tidak Banjir,0.1,0.2,0.2,0.0,0.2,0.0,0.0,0.0,0.2,0.09999999999999999
2021-09-26,Tidak Banjir,0.4,2.3,0.0,0.2,0.2,5.2,0.2,0.0,5.2,1.2142857142857142
2021-09-27,Tidak Banjir,0.0,0.0,0.7,0.3,0.1,0.3,0.0,0.0,0.7,0.2
2021-09-28,Tidak Banjir,0.2,0.1,0.4,0.2,0.4,0.0,0.1,0.0,0.4,0.20000000000000004
2021-09-29,Tidak Banjir,0.0,0.0,0.0,0.0,0.0,0.2,0.6,0.0,0.6,0.1142857142857143
2021-09-30,Tidak Banjir,0.0,0.0,0.0,0.0,0.2,0.2,0.0,0.0,0.2,0.05714285714285715
2021-10-01,Tidak Banjir,0.0,0.3,0.0,0.0,0.0,0.3,0.0,0.0,0.3,0.08571428571428572
2021-10-02,Tidak Banjir,0.0,0.0,0.0,0.0,0.1,0.8,0.2,0.0,0.8,0.15714285714285717
2021-10-03,Tidak Banjir,0.0,0.0,0.0,0.0,0.0,0.1,0.1,0.0,0.1,0.028571428571428574
2021-10-04,Tidak Banjir,0.0,0.0,0.1,0.0,0.0,0.7,0.0,0.0,0.7,0.11428571428571428
2021-10-05,Tidak Banjir,0.0,0.0,0.5,0.0,0.0,0.0,0.0,0.0,0.5,0.07142857142857142
2021-10-06,Tidak Banjir,0.0,0.0,0.0,0.0,0.3,0.2,0.0,0.0,0.3,0.07142857142857142
2021-10-07,Tidak Banjir,0.0,0.0,0.0,0.0,0.0,0.0,0.0,0.0,0.0,0.0
2021-10-08,Tidak Banjir,0.0,0.0,0.0,0.0,0.0,0.0,0.0,0.0,0.0,0.0
2021-10-09,Tidak Banjir,0.0,0.0,0.0,0.0,0.4,0.1,0.0,0.0,0.4,0.07142857142857142
2021-10-10,Tidak Banjir,0.0,0.0,0.0,0.0,0.0,0.1,0.0,0.0,0.1,0.014285714285714287
2021-10-11,Tidak Banjir,0.0,0.0,0.0,0.0,0.2,0.0,0.0,0.0,0.2,0.028571428571428574
2021-10-12,Tidak Banjir,0.0,0.0,0.0,0.0,0.1,0.3,0.0,0.0,0.3,0.05714285714285715
2021-10-13,Tidak Banjir,0.0,0.0,0.3,0.1,0.2,0.0,0.0,0.0,0.3,0.08571428571428573
2021-10-14,Tidak Banjir,0.0,0.0,0.0,0.0,0.0,0.2,0.0,0.0,0.2,0.028571428571428574
2021-10-15,Tidak Banjir,0.0,0.0,0.0,0.0,0.0,2.8,0.0,0.0,2.8,0.39999999999999997
2021-10-16,Tidak Banjir,0.0,0.0,0.0,0.0,0.2,0.3,0.0,0.0,0.3,0.07142857142857142
2021-10-17,Tidak Banjir,0.0,0.0,0.0,0.0,1.1,0.2,0.4,0.0,1.1,0.24285714285714288
2021-10-18,Tidak Banjir,0.1,0.4,0.0,0.0,0.8,2.0,0.5,0.0,2.0,0.5428571428571428
2021-10-19,Tidak Banjir,0.7,0.3,0.0,0.0,0.0,0.0,0.1,0.0,0.7,0.15714285714285717
2021-10-20,Tidak Banjir,0.7,0.5,0.0,0.0,0.0,0.2,0.0,0.0,0.7,0.19999999999999998
2021-10-21,Tidak Banjir,0.2,0.0,0.0,0.0,0.2,0.0,0.0,0.0,0.2,0.05714285714285715
2021-10-22,Tidak Banjir,0.0,0.0,0.0,0.0,1.2,5.8,0.0,0.0,5.8,1.0
2021-10-23,Tidak Banjir,0.2,0.0,0.0,0.2,0.0,2.4,0.0,0.0,2.4,0.39999999999999997
2021-10-24,Tidak Banjir,0.0,0.0,0.0,0.0,0.1,0.3,0.0,0.0,0.3,0.05714285714285715
2021-10-25,Tidak Banjir,0.0,0.0,0.0,0.0,0.3,0.2,0.0,0.0,0.3,0.07142857142857142
2021-10-26,Tidak Banjir,0.0,0.0,0.0,0.3,0.5,0.2,0.2,0.0,0.5,0.17142857142857143
2021-10-27,Tidak Banjir,0.0,0.0,0.2,0.0,4.0,0.0,0.2,0.0,4.0,0.6285714285714287
2021-10-28,Tidak Banjir,0.0,0.3,0.3,0.7,0.3,2.4,0.0,0.0,2.4,0.5714285714285714
2021-10-29,Banjir,0.6,0.0,0.0,0.0,0.2,0.4,0.0,0.0,0.6,0.17142857142857146
2021-10-30,Tidak Banjir,0.0,0.0,0.0,0.1,4.7,0.0,1.0,0.0,4.7,0.8285714285714285
2021-10-31,Tidak Banjir,0.0,0.0,0.0,0.1,0.1,5.4,1.5,0.0,5.4,1.0142857142857145
2021-11-01,Tidak Banjir,0.0,0.7,0.0,0.1,0.2,2.9,0.7,0.0,2.9,0.6571428571428571
2021-11-02,Tidak Banjir,0.2,0.3,0.0,0.4,0.9,1.7,1.3,0.0,1.7,0.6857142857142857
2021-11-03,Tidak Banjir,0.0,0.0,0.0,0.0,0.1,4.7,0.0,0.0,4.7,0.6857142857142857
2021-11-04,Tidak Banjir,0.0,0.0,0.0,0.2,1.1,0.0,0.0,0.0,1.1,0.18571428571428572
2021-11-05,Tidak Banjir,0.0,0.0,0.1,0.0,0.0,1.0,1.2,0.0,1.2,0.32857142857142857
2021-11-06,Tidak Banjir,0.3,0.0,0.0,0.0,0.0,0.5,0.0,0.0,0.5,0.1142857142857143
2021-11-07,Tidak Banjir,0.1,0.2,0.0,0.1,2.5,4.5,0.9,0.0,4.5,1.1857142857142857
2021-11-08,Tidak Banjir,0.1,0.2,0.0,0.0,0.0,0.0,0.2,0.0,0.2,0.07142857142857142
2021-11-09,Tidak Banjir,0.6,0.3,0.0,0.0,0.0,1.3,0.5,0.0,1.3,0.38571428571428573
2021-11-10,Tidak Banjir,0.0,0.3,0.6,2.2,1.2,5.3,0.3,0.0,5.3,1.4142857142857144
2021-11-11,Tidak Banjir,0.0,0.0,0.0,0.0,0.0,0.0,0.0,0.0,0.0,0.0
2021-11-12,Tidak Banjir,0.0,0.0,0.0,0.0,0.0,0.0,0.0,0.0,0.0,0.0
2021-11-13,Tidak Banjir,0.0,0.2,0.0,0.0,0.0,0.0,0.0,0.0,0.2,0.028571428571428574
2021-11-14,Tidak Banjir,0.0,0.0,0.0,0.0,0.0,0.2,0.6,0.0,0.6,0.1142857142857143
2021-11-15,Tidak Banjir,0.0,0.0,0.0,0.5,2.4,5.8,0.8,0.0,5.8,1.3571428571428572
2021-11-16,Banjir,0.2,0.0,0.0,0.0,0.0,0.4,0.0,0.0,0.4,0.08571428571428573
2021-11-17,Banjir,0.0,0.0,0.0,0.1,0.0,0.2,1.0,0.0,1.0,0.18571428571428572
2021-11-18,Tidak Banjir,0.0,0.0,0.2,0.0,0.2,1.0,0.7,0.0,1.0,0.29999999999999993
2021-11-19,Tidak Banjir,0.4,0.2,0.2,0.0,4.0,4.0,0.9,0.0,4.0,1.385714285714286
2021-11-20,Tidak Banjir,0.3,0.0,0.0,0.0,0.0,0.0,0.3,0.0,0.3,0.08571428571428572
2021-11-21,Tidak Banjir,0.0,0.0,0.0,0.0,0.0,6.9,0.0,0.0,6.9,0.9857142857142858
2021-11-22,Tidak Banjir,2.0,0.0,0.0,0.2,0.0,3.1,0.0,0.0,3.1,0.7571428571428572
2021-11-23,Tidak Banjir,0.1,0.0,1.2,0.0,0.0,0.0,0.0,0.0,1.2,0.18571428571428572
2021-11-24,Tidak Banjir,0.6,0.0,0.0,0.0,0.0,0.0,0.0,0.0,0.6,0.08571428571428572
2021-11-25,Tidak Banjir,0.0,0.0,0.0,0.0,0.0,0.0,0.0,0.0,0.0,0.0
2021-11-26,Tidak Banjir,0.0,0.0,0.0,0.0,0.0,0.2,0.3,0.0,0.3,0.07142857142857142
2021-11-27,Tidak Banjir,0.2,1.1,1.3,0.9,0.8,0.5,0.0,0.0,1.3,0.6857142857142857
2021-11-28,Tidak Banjir,0.0,0.9,0.1,0.0,0.0,0.0,0.1,0.0,0.9,0.15714285714285717
2021-11-29,Tidak Banjir,0.0,0.0,0.1,0.0,0.0,0.1,0.0,0.0,0.1,0.028571428571428574
2021-11-30,Tidak Banjir,0.7,2.7,0.8,0.0,0.2,0.0,0.2,0.0,2.7,0.6571428571428573
2021-12-01,Tidak Banjir,2.2,1.4,0.0,0.0,0.0,7.6,0.0,0.0,7.6,1.5999999999999999
2021-12-02,Tidak Banjir,0.0,0.0,0.0,0.0,0.0,0.0,0.0,0.0,0.0,0.0
2021-12-03,Tidak Banjir,0.0,0.0,0.0,0.0,0.1,5.5,0.0,0.0,5.5,0.7999999999999999
2021-12-04,Tidak Banjir,0.3,0.6,0.9,2.5,0.9,1.6,0.4,0.3,2.5,1.0285714285714287
2021-12-05,Tidak Banjir,0.2,0.4,1.0,1.0,0.0,0.1,0.6,0.0,1.0,0.4714285714285715
2021-12-06,Tidak Banjir,1.7,0.0,0.0,0.6,0.1,4.6,0.4,0.0,4.6,1.0571428571428572
2021-12-07,Tidak Banjir,0.2,0.4,0.3,0.0,0.3,0.2,0.0,0.0,0.4,0.2
2021-12-08,Tidak Banjir,0.0,0.0,0.0,0.0,0.0,0.6,0.0,0.0,0.6,0.08571428571428572
2021-12-09,Tidak Banjir,0.0,0.8,0.0,0.0,0.2,4.9,0.5,0.0,4.9,0.9142857142857144
2021-12-10,Tidak Banjir,0.1,0.0,0.0,0.0,0.1,1.7,0.7,0.0,1.7,0.3714285714285714
2021-12-11,Tidak Banjir,0.0,0.0,0.0,0.1,0.3,0.0,0.0,0.0,0.3,0.05714285714285715
2021-12-12,Tidak Banjir,0.0,0.0,0.1,0.0,0.9,0.0,0.0,0.0,0.9,0.14285714285714285
2021-12-13,Tidak Banjir,0.2,0.1,0.9,0.2,0.2,0.0,0.0,0.0,0.9,0.2285714285714286
2021-12-14,Tidak Banjir,0.2,0.0,0.6,0.2,0.2,0.0,0.0,0.0,0.6,0.17142857142857143
2021-12-15,Tidak Banjir,0.0,0.0,0.0,0.1,0.0,0.2,0.1,0.0,0.2,0.05714285714285715
2021-12-16,Tidak Banjir,0.0,0.0,0.0,0.0,0.8,0.2,0.0,0.0,0.8,0.14285714285714285
2021-12-17,Tidak Banjir,0.0,0.0,0.0,0.0,0.2,0.0,0.0,0.0,0.2,0.028571428571428574
2021-12-18,Tidak Banjir,0.0,0.0,0.0,0.0,0.0,0.0,0.0,0.0,0.0,0.0
2021-12-19,Tidak Banjir,0.0,0.0,0.0,0.0,0.0,0.2,0.0,0.0,0.2,0.028571428571428574
2021-12-20,Tidak Banjir,0.8,0.0,0.0,0.0,0.0,0.0,0.2,0.0,0.8,0.14285714285714285
2021-12-21,Tidak Banjir,0.0,0.0,0.0,0.3,0.6,0.3,0.9,0.0,0.9,0.3
2021-12-22,Tidak Banjir,0.0,0.0,0.0,0.0,0.2,0.0,0.3,0.0,0.3,0.07142857142857142
2021-12-23,Tidak Banjir,0.0,0.0,0.2,0.2,0.2,4.4,0.1,0.0,4.4,0.7285714285714285
2021-12-24,Tidak Banjir,0.0,0.1,0.1,0.0,0.0,3.9,0.0,0.0,3.9,0.5857142857142856
2021-12-25,Tidak Banjir,0.0,0.0,0.1,0.0,4.3,3.4,0.0,0.0,4.3,1.114285714285714
2021-12-26,Tidak Banjir,0.0,0.0,0.0,0.0,0.0,2.6,0.0,0.0,2.6,0.37142857142857144
2021-12-27,Tidak Banjir,0.3,1.1,0.0,0.0,0.1,0.0,0.0,0.0,1.1,0.21428571428571433
2021-12-28,Tidak Banjir,0.0,0.0,0.0,0.0,0.0,5.6,3.2,0.0,5.6,1.2571428571428573
2021-12-29,Tidak Banjir,0.2,0.0,0.0,0.2,0.6,0.3,0.2,0.0,0.6,0.21428571428571427
2021-12-30,Tidak Banjir,0.0,0.1,0.0,0.2,0.3,0.3,0.0,0.0,0.3,0.1285714285714286
2021-12-31,Tidak Banjir,0.0,0.3,0.0,0.3,0.0,0.6,0.0,0.0,0.6,0.17142857142857143
2022-01-01,Tidak Banjir,0.0,0.0,0.0,0.0,0.2,2.9,0.0,0.0,2.9,0.4428571428571429
2022-01-02,Tidak Banjir,0.0,0.0,0.0,0.0,0.1,0.3,0.0,0.0,0.3,0.05714285714285715
2022-01-03,Tidak Banjir,0.0,0.0,0.0,0.1,0.0,0.0,0.0,0.0,0.1,0.014285714285714287
2022-01-04,Tidak Banjir,0.0,0.0,0.0,0.0,1.7,0.2,0.0,0.0,1.7,0.2714285714285714
2022-01-05,Tidak Banjir,0.0,0.0,0.0,0.1,0.3,5.4,0.0,0.0,5.4,0.8285714285714286
2022-01-06,Tidak Banjir,0.0,1.6,0.0,0.2,2.4,0.1,0.0,0.0,2.4,0.6142857142857142
2022-01-07,Tidak Banjir,0.0,0.0,0.0,0.2,0.1,2.8,0.0,0.0,2.8,0.4428571428571428
2022-01-08,Tidak Banjir,0.0,0.0,0.0,0.0,0.0,0.2,0.3,0.0,0.3,0.07142857142857142
2022-01-09,Tidak Banjir,0.0,0.0,0.1,0.0,0.3,0.1,0.1,0.0,0.3,0.08571428571428572
2022-01-10,Tidak Banjir,0.7,0.1,0.0,0.2,0.2,5.1,0.1,0.0,5.1,0.9142857142857143
2022-01-11,Tidak Banjir,0.6,0.3,0.3,0.2,0.1,8.0,0.1,0.1,8.0,1.3714285714285714
2022-01-12,Tidak Banjir,0.2,0.0,0.0,0.0,0.0,11.7,0.4,0.0,11.7,1.757142857142857
2022-01-13,Tidak Banjir,0.0,0.1,0.0,0.0,0.0,0.0,0.1,0.0,0.1,0.028571428571428574
2022-01-14,Tidak Banjir,0.0,0.0,0.0,0.0,0.0,0.0,0.1,0.0,0.1,0.014285714285714287
2022-01-15,Tidak Banjir,0.0,0.0,0.0,0.0,0.0,0.0,1.0,0.0,1.0,0.14285714285714285
2022-01-16,Tidak Banjir,0.0,0.0,0.0,0.0,0.1,0.9,0.0,0.0,0.9,0.14285714285714285
2022-01-17,Tidak Banjir,0.0,0.0,0.0,0.1,0.1,0.3,0.0,0.0,0.3,0.07142857142857142
2022-01-18,Tidak Banjir,0.0,0.0,0.0,0.0,0.0,1.4,0.0,0.0,1.4,0.19999999999999998
2022-01-19,Tidak Banjir,0.0,0.0,0.0,0.1,0.0,9.7,0.2,0.0,9.7,1.4285714285714284
2022-01-20,Tidak Banjir,0.0,0.9,0.1,0.0,0.2,0.3,0.2,0.0,0.9,0.24285714285714285
2022-01-21,Tidak Banjir,0.4,0.0,0.0,0.0,0.1,11.7,1.4,0.0,11.7,1.9428571428571428
2022-01-22,Tidak Banjir,1.3,7.3,5.1,1.0,0.1,2.5,0.9,0.1,7.3,2.599999999999999
2022-01-23,Tidak Banjir,0.0,0.2,0.0,0.0,0.0,0.0,0.0,0.0,0.2,0.028571428571428574
2022-01-24,Tidak Banjir,0.0,0.0,0.0,0.1,0.1,2.3,0.0,0.0,2.3,0.35714285714285715
2022-01-25,Tidak Banjir,0.0,0.0,0.7,0.1,0.2,4.1,0.1,0.0,4.1,0.7428571428571428
2022-01-26,Banjir,0.0,0.0,0.0,0.0,0.2,2.6,0.0,0.0,2.6,0.4
2022-01-27,Tidak Banjir,0.0,0.0,0.0,0.0,0.0,0.0,0.1,0.0,0.1,0.014285714285714287
2022-01-28,Tidak Banjir,0.0,0.0,0.0,0.0,0.1,0.8,0.1,0.0,0.8,0.14285714285714285
2022-01-29,Tidak Banjir,0.0,0.0,0.0,0.0,0.1,0.1,0.3,0.0,0.3,0.07142857142857142
2022-01-30,Tidak Banjir,0.0,0.3,0.0,0.1,0.0,0.0,0.0,0.0,0.3,0.05714285714285715
2022-01-31,Tidak Banjir,0.0,1.4,0.5,0.6,1.1,0.0,0.0,0.0,1.4,0.5142857142857143
2022-02-01,Tidak Banjir,0.0,0.0,0.0,0.0,0.1,0.0,0.9,0.0,0.9,0.14285714285714285
2022-02-02,Tidak Banjir,0.1,2.0,0.7,0.0,0.0,0.0,0.0,0.0,2.0,0.39999999999999997
2022-02-03,Tidak Banjir,0.0,0.0,0.0,0.0,0.0,0.1,0.5,0.0,0.5,0.08571428571428572
2022-02-04,Tidak Banjir,0.0,0.2,0.3,0.0,0.0,5.6,0.3,0.0,5.6,0.9142857142857143
2022-02-05,Tidak Banjir,0.1,1.3,1.1,0.1,0.1,0.1,1.2,0.1,1.3,0.5714285714285714
2022-02-06,Tidak Banjir,0.1,0.3,0.1,0.1,0.1,0.1,0.2,0.1,0.3,0.14285714285714285
2022-02-07,Tidak Banjir,0.0,0.0,0.0,0.0,0.1,2.0,0.3,0.0,2.0,0.34285714285714286
2022-02-08,Tidak Banjir,0.0,0.0,0.0,0.0,0.2,9.8,0.4,0.0,9.8,1.4857142857142858
2022-02-09,Tidak Banjir,0.4,0.0,0.0,0.0,0.1,5.6,0.8,0.0,5.6,0.9857142857142857
2022-02-10,Tidak Banjir,0.0,0.2,0.2,0.2,0.0,0.0,0.0,0.0,0.2,0.08571428571428573
2022-02-11,Tidak Banjir,0.0,0.0,0.0,0.0,0.0,0.0,0.0,0.0,0.0,0.0
2022-02-12,Tidak Banjir,0.0,0.0,0.0,0.0,0.1,0.0,0.0,0.0,0.1,0.014285714285714287
2022-02-13,Tidak Banjir,0.0,0.2,0.0,0.0,0.1,0.1,0.0,0.0,0.2,0.05714285714285715
2022-02-14,Tidak Banjir,0.0,0.0,0.0,0.0,0.1,0.0,0.0,0.0,0.1,0.014285714285714287
2022-02-15,Tidak Banjir,0.0,0.0,0.0,0.0,0.0,0.0,0.0,0.0,0.0,0.0
2022-02-16,Tidak Banjir,0.0,0.0,0.0,0.0,0.0,0.0,0.4,0.0,0.4,0.05714285714285715
2022-02-17,Tidak Banjir,0.4,0.4,0.2,0.3,2.7,0.3,0.7,0.2,2.7,0.7142857142857143
2022-02-18,Tidak Banjir,0.1,0.2,0.5,0.5,0.3,0.3,0.4,0.1,0.5,0.3285714285714286
2022-02-19,Tidak Banjir,0.0,0.0,0.0,0.1,0.4,2.5,1.9,0.0,2.5,0.7000000000000001
2022-02-20,Tidak Banjir,0.6,0.4,0.4,0.0,0.1,4.5,2.2,0.0,4.5,1.1714285714285713
2022-02-21,Tidak Banjir,0.0,0.0,0.0,0.0,0.1,0.1,0.1,0.0,0.1,0.042857142857142864
2022-02-22,Tidak Banjir,0.0,0.0,0.1,0.0,0.1,3.0,0.0,0.0,3.0,0.4571428571428572
2022-02-23,Tidak Banjir,0.1,1.9,0.0,0.0,0.0,0.1,0.1,0.0,1.9,0.31428571428571433
2022-02-24,Tidak Banjir,0.2,0.7,0.1,0.0,0.1,0.0,0.5,0.0,0.7,0.22857142857142856
2022-02-25,Tidak Banjir,0.2,0.2,0.4,0.2,0.5,0.1,0.0,0.0,0.5,0.2285714285714286
2022-02-26,Tidak Banjir,0.1,0.0,0.0,0.0,0.0,0.0,0.0,0.0,0.1,0.014285714285714287
2022-02-27,Tidak Banjir,0.0,0.0,0.0,0.0,0.0,0.0,0.0,0.0,0.0,0.0
2022-02-28,Tidak Banjir,0.0,0.0,0.0,0.0,0.0,0.0,0.0,0.0,0.0,0.0
2022-03-01,Tidak Banjir,0.0,0.0,0.0,0.0,0.0,0.0,0.0,0.0,0.0,0.0
2022-03-02,Tidak Banjir,0.0,0.0,0.0,0.1,0.1,8.7,0.5,0.0,8.7,1.3428571428571427
2022-03-03,Tidak Banjir,0.0,0.0,0.0,0.1,0.1,0.7,1.3,0.0,1.3,0.31428571428571433
2022-03-04,Tidak Banjir,0.1,0.1,0.5,0.4,0.2,0.2,0.1,0.1,0.5,0.2285714285714286
2022-03-05,Tidak Banjir,0.0,0.0,0.0,0.1,0.2,1.8,0.0,0.0,1.8,0.3
2022-03-06,Tidak Banjir,0.4,0.7,0.0,0.0,0.1,0.7,0.5,0.0,0.7,0.3428571428571429
2022-03-07,Banjir,0.0,0.0,0.0,0.1,7.5,1.6,0.1,0.0,7.5,1.3285714285714285
2022-03-08,Tidak Banjir,0.0,0.6,0.3,0.1,0.2,0.2,0.0,0.0,0.6,0.19999999999999998
2022-03-09,Tidak Banjir,0.0,0.1,0.2,0.1,0.2,0.2,0.0,0.0,0.2,0.1142857142857143
2022-03-10,Tidak Banjir,0.0,0.0,0.1,0.0,0.1,0.0,0.0,0.0,0.1,0.028571428571428574
2022-03-11,Tidak Banjir,0.0,0.6,0.0,0.0,0.2,0.1,0.5,0.0,0.6,0.19999999999999998
2022-03-12,Tidak Banjir,0.0,0.3,0.0,0.0,0.1,12.8,0.6,0.0,12.8,1.9714285714285715
2022-03-13,Tidak Banjir,0.0,0.3,0.3,0.9,0.1,0.1,0.3,0.0,0.9,0.2857142857142857
2022-03-14,Tidak Banjir,0.1,0.0,0.0,0.0,0.1,0.2,0.1,0.0,0.2,0.07142857142857142
2022-03-15,Banjir,0.2,0.0,0.0,0.0,0.1,1.0,1.4,0.0,1.4,0.38571428571428573
2022-03-16,Tidak Banjir,0.0,0.0,0.0,0.0,2.3,0.1,0.3,0.0,2.3,0.3857142857142857
2022-03-17,Tidak Banjir,0.0,0.0,0.0,0.0,0.1,0.1,0.9,0.0,0.9,0.15714285714285717
2022-03-18,Banjir,0.0,0.0,0.1,0.1,0.0,0.6,0.0,0.0,0.6,0.1142857142857143
2022-03-19,Tidak Banjir,0.0,0.0,0.0,0.0,0.0,0.2,0.0,0.0,0.2,0.028571428571428574
2022-03-20,Tidak Banjir,0.0,0.0,0.0,0.0,0.0,0.3,0.0,0.0,0.3,0.04285714285714286
2022-03-21,Tidak Banjir,0.0,0.0,0.0,0.0,0.0,0.0,0.0,0.0,0.0,0.0
2022-03-22,Tidak Banjir,0.0,0.0,0.0,0.0,0.1,0.0,0.1,0.0,0.1,0.028571428571428574
2022-03-23,Tidak Banjir,0.0,0.0,0.0,0.1,1.2,2.2,0.2,0.0,2.2,0.5285714285714286
2022-03-24,Tidak Banjir,0.0,0.0,0.0,0.0,0.3,0.1,0.0,0.0,0.3,0.05714285714285715
2022-03-25,Tidak Banjir,0.1,0.0,0.0,0.0,0.4,0.1,0.7,0.0,0.7,0.1857142857142857
2022-03-26,Tidak Banjir,0.0,0.1,0.3,0.1,0.2,4.3,0.0,0.0,4.3,0.7142857142857143
2022-03-27,Tidak Banjir,0.0,1.1,0.0,0.1,0.1,0.2,0.3,0.0,1.1,0.2571428571428572
2022-03-28,Tidak Banjir,0.0,0.0,0.0,0.0,0.1,0.0,0.0,0.0,0.1,0.014285714285714287
2022-03-29,Tidak Banjir,0.0,0.0,0.0,0.0,0.1,2.7,0.0,0.0,2.7,0.4
2022-03-30,Tidak Banjir,0.0,0.0,0.0,0.0,0.1,0.2,0.0,0.0,0.2,0.042857142857142864
2022-03-31,Banjir,0.0,0.0,0.0,0.1,0.2,6.0,0.1,0.0,6.0,0.9142857142857143
2022-04-01,Tidak Banjir,0.0,0.0,0.0,0.1,0.2,7.2,0.2,0.0,7.2,1.1
2022-04-02,Tidak Banjir,0.0,0.0,0.0,0.0,0.0,8.0,3.4,0.0,8.0,1.6285714285714286
2022-04-03,Tidak Banjir,0.2,0.0,0.1,0.4,0.2,3.3,0.0,0.0,3.3,0.6
2022-04-04,Tidak Banjir,0.0,0.0,0.0,0.0,0.0,0.1,0.0,0.0,0.1,0.014285714285714287
2022-04-05,Tidak Banjir,0.0,0.0,0.0,0.0,0.0,0.1,0.0,0.0,0.1,0.014285714285714287
2022-04-06,Tidak Banjir,0.0,0.1,0.0,0.2,0.4,0.6,0.1,0.0,0.6,0.2
2022-04-07,Tidak Banjir,0.0,0.0,0.0,0.1,0.0,0.1,0.0,0.0,0.1,0.028571428571428574
2022-04-08,Tidak Banjir,0.0,0.1,0.0,0.1,0.1,0.0,0.0,0.0,0.1,0.042857142857142864
2022-04-09,Tidak Banjir,0.0,0.0,0.0,0.0,0.0,0.1,0.0,0.0,0.1,0.014285714285714287
2022-04-10,Tidak Banjir,0.0,0.0,0.0,0.0,0.1,0.1,0.0,0.0,0.1,0.028571428571428574
2022-04-11,Tidak Banjir,0.0,0.0,0.0,0.0,0.2,0.0,0.0,0.0,0.2,0.028571428571428574
2022-04-12,Tidak Banjir,0.0,0.2,0.1,0.1,5.5,0.4,1.1,0.0,5.5,1.0571428571428572
2022-04-13,Tidak Banjir,0.0,0.1,0.1,0.1,0.8,0.3,0.0,0.0,0.8,0.2
2022-04-14,Tidak Banjir,0.0,0.0,0.0,0.0,0.3,0.1,0.1,0.0,0.3,0.07142857142857142
2022-04-15,Tidak Banjir,0.0,0.0,0.0,0.0,0.1,0.1,0.1,0.0,0.1,0.042857142857142864
2022-04-16,Tidak Banjir,0.4,0.0,0.0,0.0,0.0,0.0,0.2,0.0,0.4,0.08571428571428573
2022-04-17,Tidak Banjir,0.0,0.0,0.0,0.0,0.3,0.1,0.0,0.0,0.3,0.05714285714285715
2022-04-18,Tidak Banjir,0.1,0.0,0.0,0.2,0.1,0.0,0.2,0.0,0.2,0.08571428571428573
2022-04-19,Tidak Banjir,0.0,0.0,0.0,0.0,0.0,0.6,0.2,0.0,0.6,0.1142857142857143
2022-04-20,Banjir,0.0,0.0,0.3,0.1,0.2,2.4,0.1,0.0,2.4,0.4428571428571429
2022-04-21,Tidak Banjir,0.0,0.0,0.1,0.1,1.2,2.7,0.5,0.0,2.7,0.6571428571428571
2022-04-22,Tidak Banjir,0.1,0.4,0.0,0.2,0.4,0.7,0.1,0.0,0.7,0.27142857142857146
2022-04-23,Tidak Banjir,0.2,0.0,0.0,0.1,0.6,8.9,0.1,0.0,8.9,1.4142857142857144
2022-04-24,Banjir,0.0,0.2,0.4,0.1,5.8,0.4,0.0,0.0,5.8,0.9857142857142858
2022-04-25,Tidak Banjir,0.0,0.0,0.0,0.0,0.0,0.0,0.0,0.0,0.0,0.0
2022-04-26,Tidak Banjir,0.0,0.0,0.0,0.1,0.0,0.0,0.0,0.0,0.1,0.014285714285714287
2022-04-27,Tidak Banjir,0.3,0.0,0.3,0.1,0.1,0.1,0.3,0.0,0.3,0.17142857142857143
2022-04-28,Tidak Banjir,0.2,1.2,1.3,0.5,0.5,0.2,0.0,0.0,1.3,0.5571428571428572
2022-04-29,Tidak Banjir,0.4,0.0,0.0,0.0,6.9,1.2,0.2,0.0,6.9,1.2428571428571427
2022-04-30,Tidak Banjir,0.1,0.0,0.1,0.1,0.6,4.1,0.0,0.0,4.1,0.7142857142857143
2022-05-01,Banjir,0.0,0.0,0.0,1.8,0.2,0.0,0.0,0.0,1.8,0.2857142857142857
2022-05-02,Tidak Banjir,0.0,0.0,0.0,0.1,4.4,4.9,0.0,0.0,4.9,1.342857142857143
2022-05-03,Tidak Banjir,0.0,0.0,0.7,0.0,0.0,0.2,0.0,0.0,0.7,0.12857142857142856
2022-05-04,Tidak Banjir,0.0,0.0,0.0,0.2,0.3,0.7,0.2,0.0,0.7,0.19999999999999998
2022-05-05,Tidak Banjir,0.3,0.1,0.0,0.1,0.2,0.3,0.2,0.0,0.3,0.17142857142857143
2022-05-06,Tidak Banjir,0.0,0.1,0.0,0.0,0.2,3.1,0.1,0.0,3.1,0.5000000000000001
2022-05-07,Tidak Banjir,0.0,0.0,0.0,0.1,0.0,0.1,0.5,0.0,0.5,0.09999999999999999
2022-05-08,Tidak Banjir,0.1,0.2,0.4,0.0,0.0,0.0,0.0,0.0,0.4,0.1
2022-05-09,Tidak Banjir,0.0,0.0,0.0,0.0,0.0,0.0,0.0,0.0,0.0,0.0
2022-05-10,Tidak Banjir,0.0,0.0,0.0,0.1,0.1,0.3,0.0,0.0,0.3,0.07142857142857142
2022-05-11,Tidak Banjir,0.0,0.0,0.0,0.1,0.1,0.0,0.0,0.0,0.1,0.028571428571428574
2022-05-12,Tidak Banjir,0.0,0.1,0.0,0.2,3.1,0.1,0.3,0.0,3.1,0.5428571428571429
2022-05-13,Tidak Banjir,0.0,0.0,0.0,0.0,0.1,1.4,0.0,0.0,1.4,0.21428571428571427
2022-05-14,Tidak Banjir,0.0,0.0,0.0,0.0,0.0,0.1,0.0,0.0,0.1,0.014285714285714287
2022-05-15,Tidak Banjir,0.0,0.0,0.0,0.0,0.5,0.2,0.0,0.0,0.5,0.09999999999999999
2022-05-16,Tidak Banjir,0.0,0.1,0.0,0.1,0.1,0.3,0.0,0.0,0.3,0.08571428571428573
2022-05-17,Tidak Banjir,0.0,0.1,0.0,0.2,0.2,0.0,0.0,0.0,0.2,0.07142857142857142
2022-05-18,Banjir,0.0,0.3,0.0,0.1,0.1,0.1,0.5,0.0,0.5,0.15714285714285717
2022-05-19,Tidak Banjir,0.0,0.0,0.0,0.0,0.0,0.0,0.0,0.0,0.0,0.0
2022-05-20,Tidak Banjir,0.0,0.0,0.0,0.2,7.7,3.2,0.4,0.0,7.7,1.642857142857143
2022-05-21,Tidak Banjir,0.0,0.1,0.5,0.1,0.1,0.1,0.9,0.0,0.9,0.2571428571428571
2022-05-22,Tidak Banjir,0.0,0.5,0.0,0.1,0.2,0.0,0.1,0.0,0.5,0.1285714285714286
2022-05-23,Tidak Banjir,0.0,0.1,0.0,0.0,0.1,0.1,0.0,0.0,0.1,0.042857142857142864
2022-05-24,Tidak Banjir,0.1,0.0,0.1,0.0,0.2,1.6,0.1,0.0,1.6,0.3
2022-05-25,Banjir,3.0,0.1,0.0,1.9,1.0,3.3,0.4,0.0,3.3,1.385714285714286
2022-05-26,Tidak Banjir,0.6,0.2,0.0,0.1,0.1,0.2,0.0,0.0,0.6,0.17142857142857143
2022-05-27,Tidak Banjir,0.0,0.0,0.0,0.0,0.0,0.1,0.1,0.0,0.1,0.028571428571428574
2022-05-28,Tidak Banjir,0.0,0.1,0.0,0.0,0.0,0.1,1.4,0.0,1.4,0.22857142857142856
2022-05-29,Tidak Banjir,0.0,0.1,0.0,0.0,0.0,1.1,1.2,0.0,1.2,0.3428571428571429
2022-05-30,Banjir,0.0,0.0,0.0,0.1,0.2,3.3,0.0,0.0,3.3,0.5142857142857142
2022-05-31,Tidak Banjir,0.1,0.0,0.1,0.2,2.4,0.6,0.0,0.0,2.4,0.4857142857142857
2022-06-01,Tidak Banjir,0.0,0.0,0.0,0.0,0.1,10.0,0.1,0.0,10.0,1.457142857142857
2022-06-02,Tidak Banjir,0.1,0.0,0.0,0.0,0.1,0.1,0.2,0.0,0.2,0.07142857142857142
2022-06-03,Tidak Banjir,0.0,0.0,0.1,0.2,0.0,0.0,0.0,0.0,0.2,0.042857142857142864
2022-06-04,Tidak Banjir,0.0,0.0,0.0,0.1,0.0,3.4,0.0,0.0,3.4,0.5
2022-06-05,Tidak Banjir,0.6,0.0,0.0,0.0,0.1,0.4,0.3,0.0,0.6,0.2
2022-06-06,Tidak Banjir,1.9,0.2,0.4,0.5,0.3,1.1,0.4,0.2,1.9,0.6857142857142858
2022-06-07,Tidak Banjir,1.1,0.1,0.0,0.0,0.0,0.3,0.0,0.0,1.1,0.21428571428571433
2022-06-08,Tidak Banjir,0.0,0.1,0.0,0.2,0.6,0.2,0.0,0.0,0.6,0.15714285714285717
2022-06-09,Tidak Banjir,0.0,0.0,0.0,0.1,5.4,2.2,0.1,0.0,5.4,1.1142857142857143
2022-06-10,Tidak Banjir,0.0,0.0,0.0,0.2,0.1,0.2,0.0,0.0,0.2,0.07142857142857142
2022-06-11,Tidak Banjir,0.0,0.0,0.0,0.2,0.7,0.2,1.3,0.0,1.3,0.34285714285714286
2022-06-12,Tidak Banjir,0.1,0.3,0.0,0.2,0.1,0.0,0.0,0.0,0.3,0.1
2022-06-13,Tidak Banjir,0.0,0.0,0.0,0.1,0.4,0.7,0.0,0.0,0.7,0.17142857142857143
2022-06-14,Tidak Banjir,0.0,0.0,0.2,0.2,0.1,1.0,0.0,0.0,1.0,0.21428571428571427
2022-06-15,Tidak Banjir,0.7,0.0,0.0,0.2,0.4,0.4,0.4,0.0,0.7,0.29999999999999993
2022-06-16,Tidak Banjir,0.0,0.5,0.1,0.0,0.3,4.7,0.0,0.0,4.7,0.7999999999999999
2022-06-17,Tidak Banjir,0.3,0.3,0.3,0.1,0.1,0.8,0.0,0.0,0.8,0.2714285714285714
2022-06-18,Tidak Banjir,0.1,0.0,0.0,0.0,0.2,0.1,0.4,0.0,0.4,0.1142857142857143
2022-06-19,Tidak Banjir,0.0,0.0,0.0,0.0,0.2,0.4,0.0,0.0,0.4,0.08571428571428573
2022-06-20,Tidak Banjir,0.0,0.0,0.0,0.2,0.3,0.0,0.0,0.0,0.3,0.07142857142857142
2022-06-21,Tidak Banjir,0.0,0.0,0.0,0.0,0.1,1.3,0.4,0.0,1.3,0.2571428571428572
2022-06-22,Tidak Banjir,0.0,0.0,0.0,0.0,3.6,0.0,0.3,0.0,3.6,0.5571428571428572
2022-06-23,Tidak Banjir,0.1,0.1,0.0,0.1,0.0,0.2,0.0,0.0,0.2,0.07142857142857142
2022-06-24,Tidak Banjir,0.0,0.0,0.0,0.3,0.3,0.2,0.2,0.0,0.3,0.14285714285714285
2022-06-25,Tidak Banjir,0.9,0.1,0.0,0.0,0.5,0.5,1.8,0.0,1.8,0.5428571428571428
2022-06-26,Banjir,0.2,0.2,0.1,0.7,0.3,0.7,0.0,0.0,0.7,0.31428571428571433
2022-06-27,Banjir,0.1,0.3,0.0,0.1,0.1,0.6,1.2,0.0,1.2,0.34285714285714286
2022-06-28,Tidak Banjir,0.0,0.2,0.3,0.1,1.6,2.4,0.1,0.0,2.4,0.6714285714285714
2022-06-29,Tidak Banjir,0.3,0.0,0.1,0.1,0.0,0.0,0.0,0.0,0.3,0.07142857142857142
2022-06-30,Tidak Banjir,0.0,0.0,0.0,0.0,0.0,0.0,0.0,0.0,0.0,0.0
2022-07-01,Tidak Banjir,0.0,0.0,0.0,0.0,0.0,0.0,0.0,0.0,0.0,0.0
2022-07-02,Tidak Banjir,0.0,0.0,0.0,0.0,0.1,0.7,0.0,0.0,0.7,0.11428571428571428
2022-07-03,Tidak Banjir,0.0,0.0,0.1,0.0,0.1,0.7,0.1,0.0,0.7,0.14285714285714285
2022-07-04,Tidak Banjir,0.0,0.0,0.0,0.0,0.2,1.9,0.9,0.0,1.9,0.42857142857142855
2022-07-05,Tidak Banjir,0.0,0.1,0.0,0.0,0.1,0.1,0.4,0.0,0.4,0.1
2022-07-06,Tidak Banjir,1.8,0.1,0.0,0.2,0.3,0.6,0.8,0.0,1.8,0.5428571428571428
2022-07-07,Tidak Banjir,0.0,0.0,0.0,0.0,0.1,0.0,0.3,0.0,0.3,0.05714285714285715
2022-07-08,Tidak Banjir,0.0,0.0,0.0,0.1,0.0,0.0,0.0,0.0,0.1,0.014285714285714287
2022-07-09,Tidak Banjir,0.0,0.0,0.0,0.0,0.1,0.1,0.0,0.0,0.1,0.028571428571428574
2022-07-10,Tidak Banjir,0.0,0.0,0.0,0.0,0.0,0.2,0.0,0.0,0.2,0.028571428571428574
2022-07-11,Tidak Banjir,0.0,0.0,0.0,0.0,0.0,0.0,0.0,0.0,0.0,0.0
2022-07-12,Tidak Banjir,0.0,0.1,0.0,0.0,0.3,0.2,0.0,0.0,0.3,0.08571428571428573
2022-07-13,Banjir,1.0,0.1,0.2,0.1,0.2,0.2,1.0,0.1,1.0,0.39999999999999997
2022-07-14,Tidak Banjir,0.1,4.5,0.2,0.0,0.3,0.2,1.6,0.0,4.5,0.9857142857142858
2022-07-15,Banjir,0.0,0.1,0.2,0.3,0.2,0.9,0.9,0.0,0.9,0.37142857142857144
2022-07-16,Tidak Banjir,0.5,0.6,1.6,3.8,1.5,0.0,0.0,0.0,3.8,1.1428571428571428
2022-07-17,Tidak Banjir,0.0,0.0,0.0,0.0,0.3,0.0,0.0,0.0,0.3,0.04285714285714286
2022-07-18,Tidak Banjir,0.0,0.0,0.0,0.1,0.0,0.1,0.0,0.0,0.1,0.028571428571428574
2022-07-19,Tidak Banjir,0.0,0.3,0.1,0.2,0.1,0.0,0.0,0.0,0.3,0.1
2022-07-20,Tidak Banjir,0.0,0.0,0.5,0.0,0.1,0.1,0.2,0.0,0.5,0.12857142857142856
2022-07-21,Tidak Banjir,0.1,0.0,0.0,0.1,0.1,0.0,0.0,0.0,0.1,0.042857142857142864
2022-07-22,Tidak Banjir,0.0,0.0,0.0,0.3,0.5,11.1,0.2,0.0,11.1,1.7285714285714284
2022-07-23,Tidak Banjir,0.0,0.2,0.0,0.1,0.3,5.1,0.1,0.0,5.1,0.8285714285714284
2022-07-24,Tidak Banjir,0.0,0.0,0.0,0.1,0.2,0.1,3.2,0.0,3.2,0.5142857142857143
2022-07-25,Tidak Banjir,0.1,0.0,0.0,0.1,0.1,0.5,0.3,0.0,0.5,0.15714285714285717
2022-07-26,Tidak Banjir,0.7,0.0,0.0,0.2,0.2,0.0,0.1,0.0,0.7,0.17142857142857143
2022-07-27,Tidak Banjir,0.0,0.0,0.0,0.1,0.2,0.2,0.0,0.0,0.2,0.07142857142857142
2022-07-28,Tidak Banjir,0.0,0.0,0.0,0.0,0.0,0.0,0.0,0.0,0.0,0.0
2022-07-29,Tidak Banjir,0.0,0.0,0.0,0.0,0.3,6.3,0.0,0.0,6.3,0.9428571428571428
2022-07-30,Tidak Banjir,0.0,0.0,0.0,0.0,0.1,0.2,0.1,0.0,0.2,0.05714285714285715
2022-07-31,Tidak Banjir,0.0,0.0,0.0,0.0,0.3,0.2,0.0,0.0,0.3,0.07142857142857142
2022-08-01,Tidak Banjir,0.0,0.0,0.0,0.3,0.4,0.3,0.0,0.0,0.4,0.14285714285714285
2022-08-02,Tidak Banjir,0.0,0.0,0.0,0.0,0.1,0.2,0.0,0.0,0.2,0.042857142857142864
2022-08-03,Tidak Banjir,0.0,0.2,0.0,0.0,0.1,2.5,0.3,0.0,2.5,0.4428571428571428
2022-08-04,Tidak Banjir,0.2,0.5,0.8,0.2,0.2,1.0,0.1,0.1,1.0,0.42857142857142855
2022-08-05,Tidak Banjir,0.1,0.2,0.5,0.1,0.2,0.4,0.0,0.0,0.5,0.21428571428571427
2022-08-06,Tidak Banjir,0.0,0.0,0.0,0.0,0.1,1.0,0.0,0.0,1.0,0.15714285714285717
2022-08-07,Tidak Banjir,0.0,0.0,0.0,0.0,0.0,0.0,0.0,0.0,0.0,0.0
2022-08-08,Tidak Banjir,0.0,0.1,0.0,0.0,0.1,0.0,0.0,0.0,0.1,0.028571428571428574
2022-08-09,Tidak Banjir,0.0,0.0,0.0,0.1,0.1,0.6,0.0,0.0,0.6,0.1142857142857143
2022-08-10,Tidak Banjir,0.0,0.0,0.0,0.1,0.0,0.1,0.2,0.0,0.2,0.05714285714285715
2022-08-11,Tidak Banjir,0.0,0.0,0.0,0.1,0.2,0.0,0.1,0.0,0.2,0.05714285714285715
2022-08-12,Tidak Banjir,0.0,0.0,0.0,0.1,0.0,2.3,0.0,0.0,2.3,0.34285714285714286
2022-08-13,Tidak Banjir,0.9,0.0,0.0,0.1,0.3,0.0,0.3,0.0,0.9,0.2285714285714286
2022-08-14,Tidak Banjir,0.0,0.0,0.0,0.2,0.2,0.2,0.6,0.0,0.6,0.17142857142857146
2022-08-15,Tidak Banjir,0.0,0.1,1.1,0.0,0.2,0.2,0.9,0.0,1.1,0.35714285714285715
2022-08-16,Tidak Banjir,0.0,0.7,0.0,0.2,0.1,0.3,0.1,0.0,0.7,0.19999999999999998
2022-08-17,Tidak Banjir,0.0,0.0,0.0,0.3,0.1,0.1,0.1,0.0,0.3,0.08571428571428572
2022-08-18,Tidak Banjir,0.0,0.0,0.4,0.1,0.8,0.0,0.0,0.0,0.8,0.18571428571428572
2022-08-19,Tidak Banjir,0.0,0.0,0.0,0.2,0.1,0.0,0.0,0.0,0.2,0.042857142857142864
2022-08-20,Tidak Banjir,0.0,0.0,0.1,0.5,0.2,6.3,0.3,0.0,6.3,1.0571428571428572
2022-08-21,Tidak Banjir,0.9,0.0,0.0,0.0,1.0,0.0,1.6,0.0,1.6,0.5
2022-08-22,Tidak Banjir,0.1,0.0,0.0,0.0,0.1,0.7,0.1,0.0,0.7,0.14285714285714285
2022-08-23,Tidak Banjir,0.0,0.0,0.0,0.0,0.0,0.4,0.1,0.0,0.4,0.07142857142857142
2022-08-24,Tidak Banjir,0.0,0.0,0.0,0.2,0.0,0.1,0.1,0.0,0.2,0.05714285714285715
2022-08-25,Tidak Banjir,0.1,0.2,0.0,0.1,0.1,0.2,0.3,0.0,0.3,0.14285714285714285
2022-08-26,Tidak Banjir,0.0,0.0,0.0,0.0,0.0,0.4,0.0,0.0,0.4,0.05714285714285715
2022-08-27,Tidak Banjir,0.0,0.0,0.0,0.0,4.4,0.1,0.4,0.0,4.4,0.7000000000000001
2022-08-28,Tidak Banjir,0.0,0.3,0.4,0.0,0.1,6.7,0.1,0.0,6.7,1.0857142857142856
2022-08-29,Tidak Banjir,0.1,0.0,0.1,0.0,0.1,0.1,0.4,0.0,0.4,0.1142857142857143
2022-08-30,Tidak Banjir,0.0,0.0,0.1,0.1,0.1,0.1,1.5,0.0,1.5,0.2714285714285714
2022-08-31,Tidak Banjir,0.0,0.1,0.0,0.1,0.2,0.3,1.3,0.0,1.3,0.2857142857142857
2022-09-01,Tidak Banjir,0.0,0.1,0.0,0.1,0.3,0.3,0.2,0.0,0.3,0.14285714285714285
2022-09-02,Tidak Banjir,1.9,0.6,0.1,0.2,3.6,0.2,0.6,0.1,3.6,1.0285714285714287
2022-09-03,Tidak Banjir,0.0,0.0,0.0,0.0,0.1,0.6,0.0,0.0,0.6,0.09999999999999999
2022-09-04,Tidak Banjir,0.0,0.0,0.0,0.0,0.0,0.0,0.0,0.0,0.0,0.0
2022-09-05,Tidak Banjir,0.0,0.0,0.0,0.1,0.0,0.0,0.1,0.0,0.1,0.028571428571428574
2022-09-06,Tidak Banjir,0.0,0.1,0.0,0.1,0.3,0.1,0.3,0.0,0.3,0.12857142857142856
2022-09-07,Tidak Banjir,0.0,0.0,0.2,0.0,0.1,6.7,0.1,0.0,6.7,1.0142857142857142
2022-09-08,Tidak Banjir,0.0,0.0,0.0,0.2,0.2,1.7,0.4,0.0,1.7,0.35714285714285715
2022-09-09,Tidak Banjir,0.5,0.2,0.0,0.1,0.3,0.3,1.2,0.0,1.2,0.3714285714285714
2022-09-10,Tidak Banjir,0.7,2.5,1.8,0.7,0.3,0.3,0.1,0.1,2.5,0.9142857142857143
2022-09-11,Tidak Banjir,0.0,0.0,0.0,0.0,0.1,7.0,1.3,0.0,7.0,1.2
2022-09-12,Banjir,0.3,0.0,0.0,0.1,0.2,0.2,0.0,0.0,0.3,0.1142857142857143
2022-09-13,Tidak Banjir,0.0,0.0,0.0,0.0,0.1,0.1,0.0,0.0,0.1,0.028571428571428574
2022-09-14,Tidak Banjir,0.0,0.0,0.0,0.1,0.0,0.1,0.0,0.0,0.1,0.028571428571428574
2022-09-15,Tidak Banjir,0.0,0.1,0.0,0.0,0.2,0.1,0.0,0.0,0.2,0.05714285714285715
2022-09-16,Tidak Banjir,0.0,0.0,0.0,0.0,0.1,0.0,0.0,0.0,0.1,0.014285714285714287
2022-09-17,Tidak Banjir,0.0,0.0,0.0,0.0,0.1,0.6,0.0,0.0,0.6,0.09999999999999999
2022-09-18,Tidak Banjir,0.0,0.0,0.0,0.1,0.1,2.6,0.0,0.0,2.6,0.4
2022-09-19,Tidak Banjir,0.0,0.0,0.0,0.1,0.2,0.2,0.5,0.0,0.5,0.14285714285714285
2022-09-20,Tidak Banjir,0.0,0.0,0.0,0.0,0.0,0.0,0.0,0.0,0.0,0.0
2022-09-21,Tidak Banjir,0.0,0.0,0.0,0.0,0.2,0.0,0.0,0.0,0.2,0.028571428571428574
2022-09-22,Tidak Banjir,0.0,0.2,0.0,0.1,0.4,0.6,1.0,0.0,1.0,0.32857142857142857
2022-09-23,Tidak Banjir,0.0,0.1,0.0,0.2,2.9,7.9,0.1,0.0,7.9,1.6
2022-09-24,Tidak Banjir,0.0,0.0,0.0,0.1,0.3,5.9,0.0,0.0,5.9,0.9000000000000001
2022-09-25,Tidak Banjir,0.0,0.0,0.0,0.1,0.2,0.2,0.1,0.0,0.2,0.08571428571428572
2022-09-26,Tidak Banjir,0.0,0.0,0.0,0.1,0.0,0.0,0.0,0.0,0.1,0.014285714285714287
2022-09-27,Tidak Banjir,0.0,0.0,0.0,0.0,0.0,0.3,0.1,0.0,0.3,0.05714285714285715
2022-09-28,Tidak Banjir,0.0,0.0,0.0,0.2,0.1,0.8,0.0,0.0,0.8,0.15714285714285717
2022-09-29,Tidak Banjir,0.0,0.0,0.0,0.1,0.0,0.4,0.0,0.0,0.4,0.07142857142857142
2022-09-30,Tidak Banjir,0.0,0.0,0.0,0.4,1.3,0.3,0.2,0.0,1.3,0.31428571428571433
2022-10-01,Tidak Banjir,0.5,0.1,0.0,0.3,4.7,0.1,0.0,0.0,4.7,0.8142857142857142
2022-10-02,Tidak Banjir,0.0,0.8,0.0,0.1,0.1,0.2,3.5,0.0,3.5,0.6714285714285715
2022-10-03,Tidak Banjir,0.2,0.2,0.2,0.2,3.5,1.2,0.0,0.0,3.5,0.7857142857142857
2022-10-04,Tidak Banjir,0.0,0.1,0.0,0.2,0.1,0.1,0.4,0.0,0.4,0.1285714285714286
2022-10-05,Tidak Banjir,1.6,3.9,1.2,0.3,0.1,0.0,0.1,0.0,3.9,1.0285714285714285
2022-10-06,Tidak Banjir,0.3,0.6,0.0,0.1,4.3,1.2,0.5,0.0,4.3,1.0
2022-10-07,Banjir,0.2,2.1,2.0,1.8,0.5,0.7,0.0,0.0,2.1,1.042857142857143
2022-10-08,Tidak Banjir,0.1,0.2,0.4,0.1,0.1,0.0,0.0,0.0,0.4,0.1285714285714286
2022-10-09,Banjir,0.0,0.0,0.0,0.0,0.1,0.1,0.1,0.0,0.1,0.042857142857142864
2022-10-10,Tidak Banjir,0.1,0.2,0.0,0.2,0.4,0.6,0.2,0.0,0.6,0.24285714285714285
2022-10-11,Tidak Banjir,0.0,0.0,0.0,0.1,1.7,0.0,0.5,0.0,1.7,0.32857142857142857
2022-10-12,Tidak Banjir,0.0,0.3,0.6,0.2,0.9,0.0,0.1,0.0,0.9,0.3
2022-10-13,Banjir,0.0,0.1,0.2,0.1,0.3,0.6,0.0,0.0,0.6,0.1857142857142857
2022-10-14,Tidak Banjir,0.0,0.2,0.3,0.1,0.4,0.1,0.0,0.0,0.4,0.15714285714285717
2022-10-15,Banjir,0.2,0.1,0.0,0.0,0.0,0.0,0.0,0.0,0.2,0.042857142857142864
2022-10-16,Tidak Banjir,0.0,0.0,0.0,0.0,0.1,3.1,0.0,0.0,3.1,0.4571428571428572
2022-10-17,Tidak Banjir,0.0,0.0,0.0,0.0,0.1,0.1,0.0,0.0,0.1,0.028571428571428574
2022-10-18,Tidak Banjir,0.0,0.0,0.1,0.1,0.7,0.1,0.3,0.0,0.7,0.1857142857142857
2022-10-19,Tidak Banjir,0.5,0.1,1.7,0.2,0.3,2.0,0.1,0.1,2.0,0.7
2022-10-20,Tidak Banjir,0.2,0.4,0.0,0.2,3.7,0.3,0.2,0.0,3.7,0.7142857142857143
2022-10-21,Tidak Banjir,0.0,0.1,1.2,0.2,0.3,4.7,0.3,0.0,4.7,0.9714285714285714
2022-10-22,Tidak Banjir,0.0,0.1,0.0,0.0,0.2,4.4,0.7,0.0,4.4,0.7714285714285715
2022-10-23,Tidak Banjir,6.6,2.1,1.2,0.5,0.1,0.4,0.0,0.0,6.6,1.557142857142857
2022-10-24,Tidak Banjir,0.0,0.1,0.1,0.1,0.2,0.1,0.4,0.0,0.4,0.14285714285714285
2022-10-25,Tidak Banjir,0.1,0.7,1.1,0.9,0.3,0.0,0.2,0.0,1.1,0.4714285714285714
2022-10-26,Tidak Banjir,0.0,1.6,0.9,0.7,0.6,0.4,0.1,0.0,1.6,0.6142857142857142
2022-10-27,Tidak Banjir,0.1,0.1,0.3,0.2,2.1,0.1,0.0,0.0,2.1,0.41428571428571426
2022-10-28,Tidak Banjir,0.0,0.0,0.0,0.0,0.0,0.0,0.0,0.0,0.0,0.0
2022-10-29,Tidak Banjir,0.0,0.0,0.1,0.1,0.3,0.0,0.0,0.0,0.3,0.07142857142857142
2022-10-30,Tidak Banjir,0.0,0.0,0.0,0.0,0.0,0.0,0.0,0.0,0.0,0.0
2022-10-31,Tidak Banjir,0.0,0.0,0.0,0.0,0.0,0.0,0.0,0.0,0.0,0.0
2022-11-01,Tidak Banjir,0.0,0.0,0.0,0.0,0.1,0.0,0.0,0.0,0.1,0.014285714285714287
2022-11-02,Tidak Banjir,0.0,0.0,0.0,0.0,0.0,0.0,0.0,0.0,0.0,0.0
2022-11-03,Banjir,0.0,0.0,0.0,0.0,0.2,5.0,0.0,0.0,5.0,0.7428571428571429
2022-11-04,Tidak Banjir,0.0,0.0,0.0,0.1,0.1,0.5,0.0,0.0,0.5,0.09999999999999999
2022-11-05,Tidak Banjir,0.0,0.2,0.0,0.1,0.1,0.3,0.0,0.0,0.3,0.09999999999999999
2022-11-06,Tidak Banjir,0.0,0.0,0.0,0.1,6.5,0.5,0.0,0.0,6.5,1.0142857142857142
2022-11-07,Tidak Banjir,0.0,0.1,0.1,0.2,0.6,0.3,0.4,0.0,0.6,0.24285714285714288
2022-11-08,Tidak Banjir,0.8,1.2,1.3,1.5,1.5,0.2,0.1,0.1,1.5,0.9428571428571428
2022-11-09,Tidak Banjir,0.0,0.8,0.9,0.9,0.6,0.7,0.9,0.0,0.9,0.6857142857142858
2022-11-10,Tidak Banjir,0.4,0.2,0.2,0.1,0.1,1.1,0.0,0.0,1.1,0.3
2022-11-11,Tidak Banjir,0.1,0.1,0.0,0.2,4.6,0.5,0.0,0.0,4.6,0.7857142857142857
2022-11-12,Tidak Banjir,0.0,0.1,1.2,1.0,2.8,1.4,0.6,0.0,2.8,1.0142857142857142
2022-11-13,Tidak Banjir,0.3,4.4,0.7,5.4,5.9,0.6,0.1,0.1,5.9,2.4857142857142867
2022-11-14,Tidak Banjir,0.3,0.1,0.2,0.0,0.1,0.4,0.1,0.0,0.4,0.17142857142857146
2022-11-15,Tidak Banjir,0.0,0.0,0.0,0.0,0.1,2.4,0.2,0.0,2.4,0.38571428571428573
2022-11-16,Tidak Banjir,0.4,0.4,0.2,0.1,2.0,1.4,0.6,0.1,2.0,0.7285714285714285
2022-11-17,Tidak Banjir,0.0,0.3,1.3,0.4,0.0,0.6,0.1,0.0,1.3,0.38571428571428573
2022-11-18,Tidak Banjir,0.1,0.1,0.0,0.1,0.3,0.7,0.1,0.0,0.7,0.2
2022-11-19,Tidak Banjir,0.0,0.0,0.0,0.0,0.2,9.6,0.0,0.0,9.6,1.4
2022-11-20,Tidak Banjir,0.0,0.0,0.0,0.0,0.0,0.0,0.0,0.0,0.0,0.0
2022-11-21,Tidak Banjir,0.0,0.0,0.0,0.0,0.0,0.0,0.0,0.0,0.0,0.0
2022-11-22,Tidak Banjir,0.0,0.0,0.0,0.1,1.1,0.0,0.0,0.0,1.1,0.17142857142857146
2022-11-23,Tidak Banjir,0.1,0.0,0.0,0.0,0.1,4.3,0.2,0.0,4.3,0.6714285714285715
2022-11-24,Tidak Banjir,0.0,0.4,0.0,0.2,0.5,0.4,0.1,0.0,0.5,0.2285714285714286
2022-11-25,Banjir,0.2,0.3,0.1,0.4,1.0,2.3,0.3,0.1,2.3,0.6571428571428571
2022-11-26,Tidak Banjir,0.0,0.0,0.0,0.0,0.1,0.1,0.0,0.0,0.1,0.028571428571428574
2022-11-27,Tidak Banjir,0.0,0.5,0.2,0.1,0.0,0.0,0.0,0.0,0.5,0.11428571428571428
2022-11-28,Tidak Banjir,0.0,0.0,0.0,0.0,0.1,0.1,0.0,0.0,0.1,0.028571428571428574
2022-11-29,Tidak Banjir,0.0,0.0,0.0,0.1,0.1,0.0,0.0,0.0,0.1,0.028571428571428574
2022-11-30,Tidak Banjir,0.0,0.0,0.4,0.2,0.0,0.0,0.0,0.0,0.4,0.08571428571428573
2022-12-01,Tidak Banjir,0.0,0.0,0.0,0.1,0.1,0.0,0.0,0.0,0.1,0.028571428571428574
2022-12-02,Tidak Banjir,0.0,0.0,0.1,0.2,0.5,1.0,0.1,0.0,1.0,0.27142857142857146
2022-12-03,Tidak Banjir,0.1,0.2,0.2,0.0,0.1,0.3,0.0,0.0,0.3,0.12857142857142856
2022-12-04,Tidak Banjir,0.1,0.1,0.1,0.1,8.1,0.2,0.0,0.0,8.1,1.2428571428571427
2022-12-05,Tidak Banjir,0.0,0.0,0.0,0.0,0.5,0.5,0.2,0.0,0.5,0.17142857142857143
2022-12-06,Tidak Banjir,0.4,0.1,0.5,0.3,0.5,0.1,0.5,0.1,0.5,0.3428571428571429
2022-12-07,Tidak Banjir,0.1,0.0,0.0,0.3,4.1,3.6,0.6,0.0,4.1,1.2428571428571427
2022-12-08,Tidak Banjir,0.6,0.9,0.5,0.2,0.1,0.1,0.1,0.1,0.9,0.3571428571428572
2022-12-09,Tidak Banjir,0.1,0.1,0.0,0.2,0.4,1.2,0.3,0.0,1.2,0.32857142857142857
2022-12-10,Tidak Banjir,0.0,0.0,0.0,0.0,0.1,1.0,0.0,0.0,1.0,0.15714285714285717
2022-12-11,Tidak Banjir,0.0,0.0,0.0,0.1,0.1,0.0,0.0,0.0,0.1,0.028571428571428574
2022-12-12,Tidak Banjir,0.0,0.0,0.1,0.1,0.2,0.0,0.0,0.0,0.2,0.05714285714285715
2022-12-13,Tidak Banjir,0.0,0.0,0.0,0.1,0.1,0.2,0.0,0.0,0.2,0.05714285714285715
2022-12-14,Tidak Banjir,0.0,0.0,0.0,0.0,0.1,0.2,0.0,0.0,0.2,0.042857142857142864
2022-12-15,Tidak Banjir,0.0,0.1,0.0,0.0,0.0,0.1,1.8,0.0,1.8,0.2857142857142857
2022-12-16,Tidak Banjir,0.0,0.0,0.0,0.0,0.2,12.4,0.3,0.0,12.4,1.842857142857143
2022-12-17,Tidak Banjir,0.3,0.1,0.0,0.0,0.4,0.1,0.0,0.0,0.4,0.1285714285714286
2022-12-18,Tidak Banjir,0.0,0.6,0.0,0.0,0.0,1.1,1.1,0.0,1.1,0.4
2022-12-19,Tidak Banjir,2.4,0.0,0.0,0.0,0.1,1.8,0.0,0.0,2.4,0.6142857142857142
2022-12-20,Tidak Banjir,0.0,0.3,0.0,0.0,0.1,1.2,0.0,0.0,1.2,0.2285714285714286
2022-12-21,Tidak Banjir,0.0,0.4,0.0,0.0,0.1,10.9,0.0,0.0,10.9,1.6285714285714286
2022-12-22,Tidak Banjir,0.0,0.0,0.0,0.0,0.1,8.9,0.4,0.0,8.9,1.342857142857143
2022-12-23,Tidak Banjir,0.0,0.3,0.0,0.0,0.0,0.0,0.0,0.0,0.3,0.04285714285714286
2022-12-24,Tidak Banjir,0.0,0.0,0.0,0.0,0.1,1.1,0.0,0.0,1.1,0.17142857142857146
2022-12-25,Tidak Banjir,0.4,0.2,0.2,0.0,0.0,0.2,0.0,0.0,0.4,0.14285714285714285
2022-12-26,Tidak Banjir,0.0,0.0,0.0,0.2,0.5,6.0,0.0,0.0,6.0,0.9571428571428572
2022-12-27,Tidak Banjir,1.6,0.0,0.0,0.1,0.0,0.0,0.0,0.0,1.6,0.24285714285714288
2022-12-28,Tidak Banjir,0.0,0.0,0.1,0.0,0.1,2.1,1.2,0.0,2.1,0.5
2022-12-29,Tidak Banjir,0.6,1.4,2.3,2.1,1.0,7.9,0.4,0.4,7.9,2.242857142857143
2022-12-30,Tidak Banjir,0.0,1.0,1.6,0.1,0.0,3.9,0.2,0.0,3.9,0.9714285714285714
2022-12-31,Tidak Banjir,0.0,0.0,0.0,0.0,0.1,9.9,0.0,0.0,9.9,1.4285714285714286
2023-01-01,Tidak Banjir,0.0,0.0,0.0,0.0,0.1,7.5,0.0,0.0,7.5,1.0857142857142856
2023-01-02,Tidak Banjir,0.0,0.0,0.1,0.0,0.1,0.1,0.0,0.0,0.1,0.042857142857142864
2023-01-03,Tidak Banjir,0.0,0.0,0.0,0.2,0.3,2.0,0.4,0.0,2.0,0.41428571428571426
2023-01-04,Tidak Banjir,0.7,1.4,0.1,0.1,0.3,6.6,0.1,0.1,6.6,1.3285714285714285
2023-01-05,Tidak Banjir,0.0,0.0,0.0,0.0,0.2,2.2,0.0,0.0,2.2,0.3428571428571429
2023-01-06,Tidak Banjir,0.1,0.0,0.0,0.0,0.1,0.2,0.0,0.0,0.2,0.05714285714285715
2023-01-07,Tidak Banjir,0.0,0.0,0.0,0.0,0.0,0.1,0.0,0.0,0.1,0.014285714285714287
2023-01-08,Tidak Banjir,0.0,0.0,0.0,0.0,0.1,0.1,0.0,0.0,0.1,0.028571428571428574
2023-01-09,Tidak Banjir,0.0,0.0,0.0,0.0,0.1,0.4,0.0,0.0,0.4,0.07142857142857142
2023-01-10,Tidak Banjir,0.0,0.0,0.0,0.1,0.2,0.2,0.1,0.0,0.2,0.08571428571428572
2023-01-11,Tidak Banjir,0.0,0.1,0.0,0.1,0.1,0.0,0.0,0.0,0.1,0.042857142857142864
2023-01-12,Tidak Banjir,0.0,0.0,0.0,0.1,0.1,0.0,0.0,0.0,0.1,0.028571428571428574
2023-01-13,Tidak Banjir,0.0,0.0,0.0,0.3,0.0,0.1,0.0,0.0,0.3,0.05714285714285715
2023-01-14,Tidak Banjir,0.0,0.0,0.0,0.0,0.1,0.4,0.0,0.0,0.4,0.07142857142857142
2023-01-15,Tidak Banjir,0.0,0.0,0.0,0.1,0.2,0.1,0.0,0.0,0.2,0.05714285714285715
2023-01-16,Tidak Banjir,0.0,0.0,0.0,0.2,0.1,2.2,0.1,0.0,2.2,0.37142857142857144
2023-01-17,Tidak Banjir,5.7,3.6,0.8,0.3,2.0,7.8,0.2,0.2,7.8,2.9142857142857146
2023-01-18,Tidak Banjir,0.0,0.4,0.0,0.2,0.2,4.8,0.0,0.0,4.8,0.7999999999999999
2023-01-19,Tidak Banjir,0.0,0.0,0.0,0.1,0.1,1.9,0.0,0.0,1.9,0.3
2023-01-20,Tidak Banjir,0.0,0.0,0.0,0.1,0.2,4.0,0.1,0.0,4.0,0.6285714285714284
2023-01-21,Tidak Banjir,0.0,0.4,0.1,0.1,0.2,6.4,0.3,0.0,6.4,1.0714285714285714
2023-01-22,Tidak Banjir,0.4,0.2,0.4,0.3,0.3,0.0,0.7,0.0,0.7,0.32857142857142857
2023-01-23,Tidak Banjir,0.0,0.2,1.2,0.2,0.1,2.5,0.0,0.0,2.5,0.6
2023-01-24,Tidak Banjir,0.0,0.0,0.0,0.0,0.1,0.0,0.2,0.0,0.2,0.042857142857142864
2023-01-25,Tidak Banjir,0.0,0.0,0.5,0.1,0.4,0.2,0.0,0.0,0.5,0.17142857142857143
2023-01-26,Tidak Banjir,0.0,0.1,0.0,0.0,0.1,0.1,0.0,0.0,0.1,0.042857142857142864
2023-01-27,Tidak Banjir,0.0,0.0,0.0,0.0,0.0,0.0,1.8,0.0,1.8,0.2571428571428572
2023-01-28,Tidak Banjir,0.6,0.3,0.1,0.1,3.9,0.4,1.3,0.1,3.9,0.9571428571428572
2023-01-29,Tidak Banjir,0.7,2.3,1.0,0.2,0.0,0.7,0.1,0.0,2.3,0.7142857142857143
2023-01-30,Tidak Banjir,0.0,0.0,0.0,0.0,0.1,0.0,0.3,0.0,0.3,0.05714285714285715
2023-01-31,Tidak Banjir,0.0,0.0,0.0,0.0,0.0,6.0,0.1,0.0,6.0,0.8714285714285713
2023-02-01,Tidak Banjir,0.0,0.0,0.0,0.0,0.1,5.7,2.4,0.0,5.7,1.1714285714285713
2023-02-02,Tidak Banjir,0.0,0.2,0.1,0.0,0.1,1.2,0.0,0.0,1.2,0.2285714285714286
2023-02-03,Tidak Banjir,0.0,0.4,0.3,0.2,0.0,0.1,0.0,0.0,0.4,0.14285714285714285
2023-02-04,Tidak Banjir,0.0,0.0,0.0,0.1,0.2,0.1,0.1,0.0,0.2,0.07142857142857142
